Sample_ID,Sample_Name,Sample_Name2,I7_Index_ID,index,I5_Index_ID,index2,Sample_Project,Description,date,plot,sample_nc,filt045_ml,filt022_ml
CER-002-S001,Euk-P1-001,S001,A701,ATCACGAC,A501,TGAACCTT,CERrice-eDNA-2017,P1-5_22,5/22/17,1,sample,200,30
CER-002-S002,Euk-P1-002,S002,A701,ATCACGAC,A502,TGCTAAGT,CERrice-eDNA-2017,P1-5_24,5/24/17,1,sample,200,30
CER-002-S003,Euk-P1-003,S003,A701,ATCACGAC,A503,TGTTCTCT,CERrice-eDNA-2017,P1-5_25,5/25/17,1,sample,200,30
CER-002-S004,Euk-P1-004,S004,A701,ATCACGAC,A504,TAAGACAC,CERrice-eDNA-2017,P1-5_26,5/26/17,1,sample,200,30
CER-002-S005,Euk-P1-005,S005,A701,ATCACGAC,A505,CTAATCGA,CERrice-eDNA-2017,P1-5_27,5/27/17,1,sample,200,30
CER-002-S006,Euk-P1-006,S006,A701,ATCACGAC,A506,CTAGAACA,CERrice-eDNA-2017,P1-5_28,5/28/17,1,sample,70,30
CER-002-S007,Euk-P1-007,S007,A701,ATCACGAC,A507,TAAGTTCC,CERrice-eDNA-2017,P1-5_29,5/29/17,1,sample,100,30
CER-002-S008,Euk-P1-008,S008,A701,ATCACGAC,A508,TAGACCTA,CERrice-eDNA-2017,P1-5_30,5/30/17,1,sample,100,30
CER-002-S009,Euk-P1-009,S009,A702,ACAGTGGT,A501,TGAACCTT,CERrice-eDNA-2017,P1-5_31,5/31/17,1,sample,100,30
CER-002-S010,Euk-P1-010,S010,A702,ACAGTGGT,A502,TGCTAAGT,CERrice-eDNA-2017,P1-6_1,6/1/17,1,sample,100,30
CER-002-S011,Euk-P1-011,S011,A702,ACAGTGGT,A503,TGTTCTCT,CERrice-eDNA-2017,P1-6_2,6/2/17,1,sample,100,30
CER-002-S012,Euk-P1-012,S012,A702,ACAGTGGT,A504,TAAGACAC,CERrice-eDNA-2017,P1-6_3,6/3/17,1,sample,100,30
CER-002-S013,Euk-P1-013,S013,A702,ACAGTGGT,A505,CTAATCGA,CERrice-eDNA-2017,P1-6_4,6/4/17,1,sample,100,30
CER-002-S014,Euk-P1-014,S014,A702,ACAGTGGT,A506,CTAGAACA,CERrice-eDNA-2017,P1-6_5,6/5/17,1,sample,100,30
CER-002-S015,Euk-P1-015,S015,A702,ACAGTGGT,A507,TAAGTTCC,CERrice-eDNA-2017,P1-6_6,6/6/17,1,sample,100,30
CER-002-S016,Euk-P1-016,S016,A702,ACAGTGGT,A508,TAGACCTA,CERrice-eDNA-2017,P1-6_7,6/7/17,1,sample,100,30
CER-002-S017,Euk-P1-017,S017,A703,CAGATCCA,A501,TGAACCTT,CERrice-eDNA-2017,P1-6_8,6/8/17,1,sample,100,30
CER-002-S018,Euk-P1-018,S018,A703,CAGATCCA,A502,TGCTAAGT,CERrice-eDNA-2017,P1-6_9,6/9/17,1,sample,100,30
CER-002-S019,Euk-P1-019,S019,A703,CAGATCCA,A503,TGTTCTCT,CERrice-eDNA-2017,P1-6_10,6/10/17,1,sample,100,30
CER-002-S020,Euk-P1-020,S020,A703,CAGATCCA,A504,TAAGACAC,CERrice-eDNA-2017,P1-6_11,6/11/17,1,sample,100,30
CER-002-S021,Euk-P1-021,S021,A703,CAGATCCA,A505,CTAATCGA,CERrice-eDNA-2017,P1-6_12,6/12/17,1,sample,100,30
CER-002-S022,Euk-P1-022,S022,A703,CAGATCCA,A506,CTAGAACA,CERrice-eDNA-2017,P1-6_13,6/13/17,1,sample,100,30
CER-002-S023,Euk-P1-023,S023,A703,CAGATCCA,A507,TAAGTTCC,CERrice-eDNA-2017,P1-6_14,6/14/17,1,sample,100,30
CER-002-S024,Euk-P1-024,S024,A703,CAGATCCA,A508,TAGACCTA,CERrice-eDNA-2017,P1-6_15,6/15/17,1,sample,100,30
CER-002-S025,Euk-P1-025,S025,A704,ACAAACGG,A501,TGAACCTT,CERrice-eDNA-2017,P1-6_16,6/16/17,1,sample,100,30
CER-002-S026,Euk-P1-026,S026,A704,ACAAACGG,A502,TGCTAAGT,CERrice-eDNA-2017,P1-6_17,6/17/17,1,sample,100,30
CER-002-S027,Euk-P1-027,S027,A704,ACAAACGG,A503,TGTTCTCT,CERrice-eDNA-2017,P1-6_18,6/18/17,1,sample,100,30
CER-002-S028,Euk-P1-028,S028,A704,ACAAACGG,A504,TAAGACAC,CERrice-eDNA-2017,P1-6_19,6/19/17,1,sample,100,30
CER-002-S029,Euk-P1-029,S029,A704,ACAAACGG,A505,CTAATCGA,CERrice-eDNA-2017,P1-6_20,6/20/17,1,sample,100,30
CER-002-S030,Euk-P1-030,S030,A704,ACAAACGG,A506,CTAGAACA,CERrice-eDNA-2017,P1-6_21,6/21/17,1,sample,100,30
CER-002-S031,Euk-P1-031,S031,A704,ACAAACGG,A507,TAAGTTCC,CERrice-eDNA-2017,P1-6_22,6/22/17,1,sample,100,30
CER-002-S032,Euk-P1-032,S032,A704,ACAAACGG,A508,TAGACCTA,CERrice-eDNA-2017,P1-6_23,6/23/17,1,sample,100,30
CER-002-S033,Euk-P1-033,S033,A705,ACCCAGCA,A501,TGAACCTT,CERrice-eDNA-2017,P1-6_24,6/24/17,1,sample,100,30
CER-002-S034,Euk-P1-034,S034,A705,ACCCAGCA,A502,TGCTAAGT,CERrice-eDNA-2017,P1-6_25,6/25/17,1,sample,100,30
CER-002-S035,Euk-P1-035,S035,A705,ACCCAGCA,A503,TGTTCTCT,CERrice-eDNA-2017,P1-6_26,6/26/17,1,sample,100,30
CER-002-S036,Euk-P1-036,S036,A705,ACCCAGCA,A504,TAAGACAC,CERrice-eDNA-2017,P1-6_27,6/27/17,1,sample,100,30
CER-002-S037,Euk-P1-037,S037,A705,ACCCAGCA,A505,CTAATCGA,CERrice-eDNA-2017,P1-6_28,6/28/17,1,sample,100,30
CER-002-S038,Euk-P1-038,S038,A705,ACCCAGCA,A506,CTAGAACA,CERrice-eDNA-2017,P1-6_29,6/29/17,1,sample,100,30
CER-002-S039,Euk-P1-039,S039,A705,ACCCAGCA,A507,TAAGTTCC,CERrice-eDNA-2017,P1-6_30,6/30/17,1,sample,100,30
CER-002-S040,Euk-P1-040,S040,A705,ACCCAGCA,A508,TAGACCTA,CERrice-eDNA-2017,P1-7_1,7/1/17,1,sample,100,30
CER-002-S041,Euk-P1-041,S041,A706,AACCCCTC,A501,TGAACCTT,CERrice-eDNA-2017,P1-7_2,7/2/17,1,sample,100,30
CER-002-S042,Euk-P1-042,S042,A706,AACCCCTC,A502,TGCTAAGT,CERrice-eDNA-2017,P1-7_3,7/3/17,1,sample,100,30
CER-002-S043,Euk-P1-043,S043,A706,AACCCCTC,A503,TGTTCTCT,CERrice-eDNA-2017,P1-7_4,7/4/17,1,sample,100,30
CER-002-S044,Euk-P1-044,S044,A706,AACCCCTC,A504,TAAGACAC,CERrice-eDNA-2017,P1-7_5,7/5/17,1,sample,100,30
CER-002-S045,Euk-P1-045,S045,A706,AACCCCTC,A505,CTAATCGA,CERrice-eDNA-2017,P1-7_6,7/6/17,1,sample,100,30
CER-002-S046,Euk-P1-046,S046,A706,AACCCCTC,A506,CTAGAACA,CERrice-eDNA-2017,P1-7_7,7/7/17,1,sample,100,30
CER-002-S047,Euk-P1-047,S047,A706,AACCCCTC,A507,TAAGTTCC,CERrice-eDNA-2017,P1-7_8,7/8/17,1,sample,100,30
CER-002-S048,Euk-P1-048,S048,A706,AACCCCTC,A508,TAGACCTA,CERrice-eDNA-2017,P1-7_9,7/9/17,1,sample,100,30
CER-002-S049,Euk-P1-049,S049,A707,CCCAACCT,A501,TGAACCTT,CERrice-eDNA-2017,P1-7_10,7/10/17,1,sample,100,30
CER-002-S050,Euk-P1-050,S050,A707,CCCAACCT,A502,TGCTAAGT,CERrice-eDNA-2017,P1-7_11,7/11/17,1,sample,100,30
CER-002-S051,Euk-P1-051,S051,A707,CCCAACCT,A503,TGTTCTCT,CERrice-eDNA-2017,P1-7_12,7/12/17,1,sample,100,30
CER-002-S052,Euk-P1-052,S052,A707,CCCAACCT,A504,TAAGACAC,CERrice-eDNA-2017,P1-7_13,7/13/17,1,sample,100,30
CER-002-S053,Euk-P1-053,S053,A707,CCCAACCT,A505,CTAATCGA,CERrice-eDNA-2017,P1-7_14,7/14/17,1,sample,100,30
CER-002-S054,Euk-P1-054,S054,A707,CCCAACCT,A506,CTAGAACA,CERrice-eDNA-2017,P1-7_15,7/15/17,1,sample,100,30
CER-002-S055,Euk-P1-055,S055,A707,CCCAACCT,A507,TAAGTTCC,CERrice-eDNA-2017,P1-7_16,7/16/17,1,sample,100,30
CER-002-S056,Euk-P1-056,S056,A707,CCCAACCT,A508,TAGACCTA,CERrice-eDNA-2017,P1-7_17,7/17/17,1,sample,100,30
CER-002-S057,Euk-P1-057,S057,A708,CACCACAC,A501,TGAACCTT,CERrice-eDNA-2017,P1-7_18,7/18/17,1,sample,100,30
CER-002-S058,Euk-P1-058,S058,A708,CACCACAC,A502,TGCTAAGT,CERrice-eDNA-2017,P1-7_19,7/19/17,1,sample,100,30
CER-002-S059,Euk-P1-059,S059,A708,CACCACAC,A503,TGTTCTCT,CERrice-eDNA-2017,P1-7_20,7/20/17,1,sample,100,30
CER-002-S060,Euk-P1-060,S060,A708,CACCACAC,A504,TAAGACAC,CERrice-eDNA-2017,P1-7_21,7/21/17,1,sample,100,30
CER-002-S061,Euk-P1-061,S061,A708,CACCACAC,A505,CTAATCGA,CERrice-eDNA-2017,P1-7_22,7/22/17,1,sample,100,30
CER-002-S062,Euk-P1-062,S062,A708,CACCACAC,A506,CTAGAACA,CERrice-eDNA-2017,P1-7_23,7/23/17,1,sample,100,30
CER-002-S063,Euk-P1-063,S063,A708,CACCACAC,A507,TAAGTTCC,CERrice-eDNA-2017,P1-7_24,7/24/17,1,sample,100,30
CER-002-S064,Euk-P1-064,S064,A708,CACCACAC,A508,TAGACCTA,CERrice-eDNA-2017,P1-7_25,7/25/17,1,sample,100,30
CER-002-S065,Euk-P1-065,S065,A709,GAAACCCA,A501,TGAACCTT,CERrice-eDNA-2017,P1-7_26,7/26/17,1,sample,100,30
CER-002-S066,Euk-P1-066,S066,A709,GAAACCCA,A502,TGCTAAGT,CERrice-eDNA-2017,P1-7_27,7/27/17,1,sample,100,30
CER-002-S067,Euk-P1-067,S067,A709,GAAACCCA,A503,TGTTCTCT,CERrice-eDNA-2017,P1-7_28,7/28/17,1,sample,100,30
CER-002-S068,Euk-P1-068,S068,A709,GAAACCCA,A504,TAAGACAC,CERrice-eDNA-2017,P1-7_29,7/29/17,1,sample,100,30
CER-002-S069,Euk-P1-069,S069,A709,GAAACCCA,A505,CTAATCGA,CERrice-eDNA-2017,P1-7_30,7/30/17,1,sample,100,30
CER-002-S070,Euk-P1-070,S070,A709,GAAACCCA,A506,CTAGAACA,CERrice-eDNA-2017,P1-7_31,7/31/17,1,sample,100,30
CER-002-S071,Euk-P1-071,S071,A709,GAAACCCA,A507,TAAGTTCC,CERrice-eDNA-2017,P1-8_1,8/1/17,1,sample,100,30
CER-002-S072,Euk-P1-072,S072,A709,GAAACCCA,A508,TAGACCTA,CERrice-eDNA-2017,P1-8_2,8/2/17,1,sample,100,30
CER-002-S073,Euk-P1-073,S073,A710,TGTGACCA,A501,TGAACCTT,CERrice-eDNA-2017,P1-8_3,8/3/17,1,sample,100,30
CER-002-S074,Euk-P1-074,S074,A710,TGTGACCA,A502,TGCTAAGT,CERrice-eDNA-2017,P1-8_4,8/4/17,1,sample,100,30
CER-002-S075,Euk-P1-075,S075,A710,TGTGACCA,A503,TGTTCTCT,CERrice-eDNA-2017,P1-8_5,8/5/17,1,sample,100,30
CER-002-S076,Euk-P1-076,S076,A710,TGTGACCA,A504,TAAGACAC,CERrice-eDNA-2017,P1-8_6,8/6/17,1,sample,100,30
CER-002-S077,Euk-P1-077,S077,A710,TGTGACCA,A505,CTAATCGA,CERrice-eDNA-2017,P1-8_7,8/7/17,1,sample,100,30
CER-002-S078,Euk-P1-078,S078,A710,TGTGACCA,A506,CTAGAACA,CERrice-eDNA-2017,P1-8_8,8/8/17,1,sample,100,30
CER-002-S079,Euk-P1-079,S079,A710,TGTGACCA,A507,TAAGTTCC,CERrice-eDNA-2017,P1-8_9,8/9/17,1,sample,100,30
CER-002-S080,Euk-P1-080,S080,A710,TGTGACCA,A508,TAGACCTA,CERrice-eDNA-2017,P1-8_10,8/10/17,1,sample,100,30
CER-002-S081,Euk-P1-081,S081,A711,AGGGTCAA,A501,TGAACCTT,CERrice-eDNA-2017,P1-8_11,8/11/17,1,sample,100,30
CER-002-S082,Euk-P1-082,S082,A711,AGGGTCAA,A502,TGCTAAGT,CERrice-eDNA-2017,P1-8_12,8/12/17,1,sample,100,30
CER-002-S083,Euk-P1-083,S083,A711,AGGGTCAA,A503,TGTTCTCT,CERrice-eDNA-2017,P1-8_13,8/13/17,1,sample,100,30
CER-002-S084,Euk-P1-084,S084,A711,AGGGTCAA,A504,TAAGACAC,CERrice-eDNA-2017,P1-8_14,8/14/17,1,sample,100,30
CER-002-S085,Euk-P1-085,S085,A711,AGGGTCAA,A505,CTAATCGA,CERrice-eDNA-2017,P1-8_15,8/15/17,1,sample,100,30
CER-002-S086,Euk-P1-086,S086,A711,AGGGTCAA,A506,CTAGAACA,CERrice-eDNA-2017,P1-8_16,8/16/17,1,sample,100,30
CER-002-S087,Euk-P1-087,S087,A711,AGGGTCAA,A507,TAAGTTCC,CERrice-eDNA-2017,P1-8_17,8/17/17,1,sample,100,30
CER-002-S088,Euk-P1-088,S088,A711,AGGGTCAA,A508,TAGACCTA,CERrice-eDNA-2017,P1-8_18,8/18/17,1,sample,100,30
CER-002-S089,Euk-P1-089,S089,A712,AGGAGTGG,A501,TGAACCTT,CERrice-eDNA-2017,P1-8_19,8/19/17,1,sample,100,30
CER-002-S090,Euk-P1-090,S090,A712,AGGAGTGG,A502,TGCTAAGT,CERrice-eDNA-2017,P1-8_20,8/20/17,1,sample,100,30
CER-002-S091,Euk-P1-091,S091,A712,AGGAGTGG,A503,TGTTCTCT,CERrice-eDNA-2017,P1-8_21,8/21/17,1,sample,100,30
CER-002-S092,Euk-P1-092,S092,A712,AGGAGTGG,A504,TAAGACAC,CERrice-eDNA-2017,P1-8_22,8/22/17,1,sample,100,30
CER-002-S093,Euk-P1-093,S093,A712,AGGAGTGG,A505,CTAATCGA,CERrice-eDNA-2017,P1-8_23,8/23/17,1,sample,100,30
CER-002-S094,Euk-P1-094,S094,A712,AGGAGTGG,A506,CTAGAACA,CERrice-eDNA-2017,P1-8_24,8/24/17,1,sample,100,30
CER-002-S095,Euk-P1-095,S095,A712,AGGAGTGG,A507,TAAGTTCC,CERrice-eDNA-2017,P1-8_25,8/25/17,1,sample,100,30
CER-002-S096,Euk-P1-096,S096,A712,AGGAGTGG,A508,TAGACCTA,CERrice-eDNA-2017,P1-8_26,8/26/17,1,sample,100,30
CER-002-S097,Euk-P1-097,S097,U713,CTAGGTTG,A501,TGAACCTT,CERrice-eDNA-2017,P1-8_27,8/27/17,1,sample,100,30
CER-002-S098,Euk-P1-098,S098,U713,CTAGGTTG,A502,TGCTAAGT,CERrice-eDNA-2017,P1-8_28,8/28/17,1,sample,100,30
CER-002-S099,Euk-P1-099,S099,U713,CTAGGTTG,A503,TGTTCTCT,CERrice-eDNA-2017,P1-8_29,8/29/17,1,sample,100,30
CER-002-S100,Euk-P1-100,S100,U713,CTAGGTTG,A504,TAAGACAC,CERrice-eDNA-2017,P1-8_30,8/30/17,1,sample,100,30
CER-002-S101,Euk-P1-101,S101,U713,CTAGGTTG,A505,CTAATCGA,CERrice-eDNA-2017,P1-8_31,8/31/17,1,sample,100,30
CER-002-S102,Euk-P1-102,S102,U713,CTAGGTTG,A506,CTAGAACA,CERrice-eDNA-2017,P1-9_1,9/1/17,1,sample,100,30
CER-002-S103,Euk-P1-103,S103,U713,CTAGGTTG,A507,TAAGTTCC,CERrice-eDNA-2017,P1-9_2,9/2/17,1,sample,100,30
CER-002-S104,Euk-P1-104,S104,U713,CTAGGTTG,A508,TAGACCTA,CERrice-eDNA-2017,P1-9_3,9/3/17,1,sample,100,30
CER-002-S105,Euk-P1-105,S105,U714,GACTTGTG,A501,TGAACCTT,CERrice-eDNA-2017,P1-9_4,9/4/17,1,sample,100,30
CER-002-S106,Euk-P1-106,S106,U714,GACTTGTG,A502,TGCTAAGT,CERrice-eDNA-2017,P1-9_5,9/5/17,1,sample,100,30
CER-002-S107,Euk-P1-107,S107,U714,GACTTGTG,A503,TGTTCTCT,CERrice-eDNA-2017,P1-9_6,9/6/17,1,sample,100,30
CER-002-S108,Euk-P1-108,S108,U714,GACTTGTG,A504,TAAGACAC,CERrice-eDNA-2017,P1-9_7,9/7/17,1,sample,100,30
CER-002-S109,Euk-P1-109,S109,U714,GACTTGTG,A505,CTAATCGA,CERrice-eDNA-2017,P1-9_8,9/8/17,1,sample,100,30
CER-002-S110,Euk-P1-110,S110,U714,GACTTGTG,A506,CTAGAACA,CERrice-eDNA-2017,P1-9_9,9/9/17,1,sample,100,30
CER-002-S111,Euk-P1-111,S111,U714,GACTTGTG,A507,TAAGTTCC,CERrice-eDNA-2017,P1-9_10,9/10/17,1,sample,70,30
CER-002-S112,Euk-P1-112,S112,U714,GACTTGTG,A508,TAGACCTA,CERrice-eDNA-2017,P1-9_11,9/11/17,1,sample,50,20
CER-002-S113,Euk-P1-113,S113,U715,CACTAGTG,A501,TGAACCTT,CERrice-eDNA-2017,P1-9_12,9/12/17,1,sample,50,20
CER-002-S114,Euk-P1-114,S114,U715,CACTAGTG,A502,TGCTAAGT,CERrice-eDNA-2017,P1-9_13,9/13/17,1,sample,50,20
CER-002-S115,Euk-P1-115,S115,U715,CACTAGTG,A503,TGTTCTCT,CERrice-eDNA-2017,P1-9_14,9/14/17,1,sample,50,20
CER-002-S116,Euk-P1-116,S116,U715,CACTAGTG,A504,TAAGACAC,CERrice-eDNA-2017,P1-9_15,9/15/17,1,sample,50,20
CER-002-S117,Euk-P1-117,S117,U715,CACTAGTG,A505,CTAATCGA,CERrice-eDNA-2017,P1-9_16,9/16/17,1,sample,50,20
CER-002-S118,Euk-P1-118,S118,U715,CACTAGTG,A506,CTAGAACA,CERrice-eDNA-2017,P1-9_17,9/17/17,1,sample,50,20
CER-002-S119,Euk-P1-119,S119,U715,CACTAGTG,A507,TAAGTTCC,CERrice-eDNA-2017,P1-9_18,9/18/17,1,sample,50,20
CER-002-S120,Euk-P1-120,S120,U715,CACTAGTG,A508,TAGACCTA,CERrice-eDNA-2017,P1-9_19,9/19/17,1,sample,50,20
CER-002-S121,Euk-P1-121,S121,U716,CAGAAGTG,A501,TGAACCTT,CERrice-eDNA-2017,P1-9_20,9/20/17,1,sample,50,20
CER-002-S122,Euk-P1-122,S122,U716,CAGAAGTG,A502,TGCTAAGT,CERrice-eDNA-2017,P1-9_21,9/21/17,1,sample,50,20
CER-002-S123,Euk-P1-123,S123,U716,CAGAAGTG,A503,TGTTCTCT,CERrice-eDNA-2017,P1-9_22,9/22/17,1,sample,50,20
CER-002-S124,Euk-P1-124,S124,U716,CAGAAGTG,A504,TAAGACAC,CERrice-eDNA-2017,P1-STDNC1,NA,1,std_nc,NA,NA
CER-002-S125,Euk-P1-125,S125,U716,CAGAAGTG,A505,CTAATCGA,CERrice-eDNA-2017,P1-STDNC2,NA,1,std_nc,NA,NA
CER-002-S126,Euk-P1-126,S126,U716,CAGAAGTG,A506,CTAGAACA,CERrice-eDNA-2017,P1-STDNC3,NA,1,std_nc,NA,NA
CER-002-S127,Euk-P1-127,S127,U716,CAGAAGTG,A507,TAAGTTCC,CERrice-eDNA-2017,P1-PCRNC1,NA,1,pcr_nc,NA,NA
CER-002-S128,Euk-P1-128,S128,U716,CAGAAGTG,A508,TAGACCTA,CERrice-eDNA-2017,P1-PCRNC2,NA,1,pcr_nc,NA,NA
CER-002-S129,Euk-P2-001,S129,D701,ATTACTCG,A501,TGAACCTT,CERrice-eDNA-2017,P2-5_22,5/22/17,2,sample,200,30
CER-002-S130,Euk-P2-002,S130,D701,ATTACTCG,A502,TGCTAAGT,CERrice-eDNA-2017,P2-5_24,5/24/17,2,sample,200,30
CER-002-S131,Euk-P2-003,S131,D701,ATTACTCG,A503,TGTTCTCT,CERrice-eDNA-2017,P2-5_25,5/25/17,2,sample,200,30
CER-002-S132,Euk-P2-004,S132,D701,ATTACTCG,A504,TAAGACAC,CERrice-eDNA-2017,P2-5_26,5/26/17,2,sample,200,30
CER-002-S133,Euk-P2-005,S133,D701,ATTACTCG,A505,CTAATCGA,CERrice-eDNA-2017,P2-5_27,5/27/17,2,sample,125,30
CER-002-S134,Euk-P2-006,S134,D701,ATTACTCG,A506,CTAGAACA,CERrice-eDNA-2017,P2-5_28,5/28/17,2,sample,100,30
CER-002-S135,Euk-P2-007,S135,D701,ATTACTCG,A507,TAAGTTCC,CERrice-eDNA-2017,P2-5_29,5/29/17,2,sample,100,30
CER-002-S136,Euk-P2-008,S136,D701,ATTACTCG,A508,TAGACCTA,CERrice-eDNA-2017,P2-5_30,5/30/17,2,sample,100,30
CER-002-S137,Euk-P2-009,S137,D702,TCCGGAGA,A501,TGAACCTT,CERrice-eDNA-2017,P2-5_31,5/31/17,2,sample,100,30
CER-002-S138,Euk-P2-010,S138,D702,TCCGGAGA,A502,TGCTAAGT,CERrice-eDNA-2017,P2-6_1,6/1/17,2,sample,100,30
CER-002-S139,Euk-P2-011,S139,D702,TCCGGAGA,A503,TGTTCTCT,CERrice-eDNA-2017,P2-6_2,6/2/17,2,sample,100,30
CER-002-S140,Euk-P2-012,S140,D702,TCCGGAGA,A504,TAAGACAC,CERrice-eDNA-2017,P2-6_3,6/3/17,2,sample,100,30
CER-002-S141,Euk-P2-013,S141,D702,TCCGGAGA,A505,CTAATCGA,CERrice-eDNA-2017,P2-6_4,6/4/17,2,sample,100,30
CER-002-S142,Euk-P2-014,S142,D702,TCCGGAGA,A506,CTAGAACA,CERrice-eDNA-2017,P2-6_5,6/5/17,2,sample,100,30
CER-002-S143,Euk-P2-015,S143,D702,TCCGGAGA,A507,TAAGTTCC,CERrice-eDNA-2017,P2-6_6,6/6/17,2,sample,100,30
CER-002-S144,Euk-P2-016,S144,D702,TCCGGAGA,A508,TAGACCTA,CERrice-eDNA-2017,P2-6_7,6/7/17,2,sample,100,30
CER-002-S145,Euk-P2-017,S145,D703,CGCTCATT,A501,TGAACCTT,CERrice-eDNA-2017,P2-6_8,6/8/17,2,sample,100,30
CER-002-S146,Euk-P2-018,S146,D703,CGCTCATT,A502,TGCTAAGT,CERrice-eDNA-2017,P2-6_9,6/9/17,2,sample,100,30
CER-002-S147,Euk-P2-019,S147,D703,CGCTCATT,A503,TGTTCTCT,CERrice-eDNA-2017,P2-6_10,6/10/17,2,sample,100,30
CER-002-S148,Euk-P2-020,S148,D703,CGCTCATT,A504,TAAGACAC,CERrice-eDNA-2017,P2-6_11,6/11/17,2,sample,100,30
CER-002-S149,Euk-P2-021,S149,D703,CGCTCATT,A505,CTAATCGA,CERrice-eDNA-2017,P2-6_12,6/12/17,2,sample,100,30
CER-002-S150,Euk-P2-022,S150,D703,CGCTCATT,A506,CTAGAACA,CERrice-eDNA-2017,P2-6_13,6/13/17,2,sample,100,30
CER-002-S151,Euk-P2-023,S151,D703,CGCTCATT,A507,TAAGTTCC,CERrice-eDNA-2017,P2-6_14,6/14/17,2,sample,100,30
CER-002-S152,Euk-P2-024,S152,D703,CGCTCATT,A508,TAGACCTA,CERrice-eDNA-2017,P2-6_15,6/15/17,2,sample,100,30
CER-002-S153,Euk-P2-025,S153,D704,GAGATTCC,A501,TGAACCTT,CERrice-eDNA-2017,P2-6_16,6/16/17,2,sample,100,30
CER-002-S154,Euk-P2-026,S154,D704,GAGATTCC,A502,TGCTAAGT,CERrice-eDNA-2017,P2-6_17,6/17/17,2,sample,100,30
CER-002-S155,Euk-P2-027,S155,D704,GAGATTCC,A503,TGTTCTCT,CERrice-eDNA-2017,P2-6_18,6/18/17,2,sample,100,30
CER-002-S156,Euk-P2-028,S156,D704,GAGATTCC,A504,TAAGACAC,CERrice-eDNA-2017,P2-6_19,6/19/17,2,sample,100,30
CER-002-S157,Euk-P2-029,S157,D704,GAGATTCC,A505,CTAATCGA,CERrice-eDNA-2017,P2-6_20,6/20/17,2,sample,100,30
CER-002-S158,Euk-P2-030,S158,D704,GAGATTCC,A506,CTAGAACA,CERrice-eDNA-2017,P2-6_21,6/21/17,2,sample,100,30
CER-002-S159,Euk-P2-031,S159,D704,GAGATTCC,A507,TAAGTTCC,CERrice-eDNA-2017,P2-6_22,6/22/17,2,sample,100,30
CER-002-S160,Euk-P2-032,S160,D704,GAGATTCC,A508,TAGACCTA,CERrice-eDNA-2017,P2-6_23,6/23/17,2,sample,100,30
CER-002-S161,Euk-P2-033,S161,D705,ATTCAGAA,A501,TGAACCTT,CERrice-eDNA-2017,P2-6_24,6/24/17,2,sample,100,30
CER-002-S162,Euk-P2-034,S162,D705,ATTCAGAA,A502,TGCTAAGT,CERrice-eDNA-2017,P2-6_25,6/25/17,2,sample,100,30
CER-002-S163,Euk-P2-035,S163,D705,ATTCAGAA,A503,TGTTCTCT,CERrice-eDNA-2017,P2-6_26,6/26/17,2,sample,100,30
CER-002-S164,Euk-P2-036,S164,D705,ATTCAGAA,A504,TAAGACAC,CERrice-eDNA-2017,P2-6_27,6/27/17,2,sample,100,30
CER-002-S165,Euk-P2-037,S165,D705,ATTCAGAA,A505,CTAATCGA,CERrice-eDNA-2017,P2-6_28,6/28/17,2,sample,100,30
CER-002-S166,Euk-P2-038,S166,D705,ATTCAGAA,A506,CTAGAACA,CERrice-eDNA-2017,P2-6_29,6/29/17,2,sample,100,30
CER-002-S167,Euk-P2-039,S167,D705,ATTCAGAA,A507,TAAGTTCC,CERrice-eDNA-2017,P2-6_30,6/30/17,2,sample,100,30
CER-002-S168,Euk-P2-040,S168,D705,ATTCAGAA,A508,TAGACCTA,CERrice-eDNA-2017,P2-7_1,7/1/17,2,sample,100,30
CER-002-S169,Euk-P2-041,S169,D706,GAATTCGT,A501,TGAACCTT,CERrice-eDNA-2017,P2-7_2,7/2/17,2,sample,100,30
CER-002-S170,Euk-P2-042,S170,D706,GAATTCGT,A502,TGCTAAGT,CERrice-eDNA-2017,P2-7_3,7/3/17,2,sample,100,30
CER-002-S171,Euk-P2-043,S171,D706,GAATTCGT,A503,TGTTCTCT,CERrice-eDNA-2017,P2-7_4,7/4/17,2,sample,100,30
CER-002-S172,Euk-P2-044,S172,D706,GAATTCGT,A504,TAAGACAC,CERrice-eDNA-2017,P2-7_5,7/5/17,2,sample,100,30
CER-002-S173,Euk-P2-045,S173,D706,GAATTCGT,A505,CTAATCGA,CERrice-eDNA-2017,P2-7_6,7/6/17,2,sample,100,30
CER-002-S174,Euk-P2-046,S174,D706,GAATTCGT,A506,CTAGAACA,CERrice-eDNA-2017,P2-7_7,7/7/17,2,sample,100,30
CER-002-S175,Euk-P2-047,S175,D706,GAATTCGT,A507,TAAGTTCC,CERrice-eDNA-2017,P2-7_8,7/8/17,2,sample,100,30
CER-002-S176,Euk-P2-048,S176,D706,GAATTCGT,A508,TAGACCTA,CERrice-eDNA-2017,P2-7_9,7/9/17,2,sample,100,30
CER-002-S177,Euk-P2-049,S177,D707,CTGAAGCT,A501,TGAACCTT,CERrice-eDNA-2017,P2-7_10,7/10/17,2,sample,100,30
CER-002-S178,Euk-P2-050,S178,D707,CTGAAGCT,A502,TGCTAAGT,CERrice-eDNA-2017,P2-7_11,7/11/17,2,sample,100,30
CER-002-S179,Euk-P2-051,S179,D707,CTGAAGCT,A503,TGTTCTCT,CERrice-eDNA-2017,P2-7_12,7/12/17,2,sample,100,30
CER-002-S180,Euk-P2-052,S180,D707,CTGAAGCT,A504,TAAGACAC,CERrice-eDNA-2017,P2-7_13,7/13/17,2,sample,100,30
CER-002-S181,Euk-P2-053,S181,D707,CTGAAGCT,A505,CTAATCGA,CERrice-eDNA-2017,P2-7_14,7/14/17,2,sample,100,30
CER-002-S182,Euk-P2-054,S182,D707,CTGAAGCT,A506,CTAGAACA,CERrice-eDNA-2017,P2-7_15,7/15/17,2,sample,100,30
CER-002-S183,Euk-P2-055,S183,D707,CTGAAGCT,A507,TAAGTTCC,CERrice-eDNA-2017,P2-7_16,7/16/17,2,sample,100,30
CER-002-S184,Euk-P2-056,S184,D707,CTGAAGCT,A508,TAGACCTA,CERrice-eDNA-2017,P2-7_17,7/17/17,2,sample,100,30
CER-002-S185,Euk-P2-057,S185,D708,TAATGCGC,A501,TGAACCTT,CERrice-eDNA-2017,P2-7_18,7/18/17,2,sample,100,30
CER-002-S186,Euk-P2-058,S186,D708,TAATGCGC,A502,TGCTAAGT,CERrice-eDNA-2017,P2-7_19,7/19/17,2,sample,100,30
CER-002-S187,Euk-P2-059,S187,D708,TAATGCGC,A503,TGTTCTCT,CERrice-eDNA-2017,P2-7_20,7/20/17,2,sample,100,30
CER-002-S188,Euk-P2-060,S188,D708,TAATGCGC,A504,TAAGACAC,CERrice-eDNA-2017,P2-7_21,7/21/17,2,sample,100,30
CER-002-S189,Euk-P2-061,S189,D708,TAATGCGC,A505,CTAATCGA,CERrice-eDNA-2017,P2-7_22,7/22/17,2,sample,100,30
CER-002-S190,Euk-P2-062,S190,D708,TAATGCGC,A506,CTAGAACA,CERrice-eDNA-2017,P2-7_23,7/23/17,2,sample,100,30
CER-002-S191,Euk-P2-063,S191,D708,TAATGCGC,A507,TAAGTTCC,CERrice-eDNA-2017,P2-7_24,7/24/17,2,sample,100,30
CER-002-S192,Euk-P2-064,S192,D708,TAATGCGC,A508,TAGACCTA,CERrice-eDNA-2017,P2-7_25,7/25/17,2,sample,100,30
CER-002-S193,Euk-P2-065,S193,D709,CGGCTATG,A501,TGAACCTT,CERrice-eDNA-2017,P2-7_26,7/26/17,2,sample,100,30
CER-002-S194,Euk-P2-066,S194,D709,CGGCTATG,A502,TGCTAAGT,CERrice-eDNA-2017,P2-7_27,7/27/17,2,sample,100,30
CER-002-S195,Euk-P2-067,S195,D709,CGGCTATG,A503,TGTTCTCT,CERrice-eDNA-2017,P2-7_28,7/28/17,2,sample,100,30
CER-002-S196,Euk-P2-068,S196,D709,CGGCTATG,A504,TAAGACAC,CERrice-eDNA-2017,P2-7_29,7/29/17,2,sample,100,30
CER-002-S197,Euk-P2-069,S197,D709,CGGCTATG,A505,CTAATCGA,CERrice-eDNA-2017,P2-7_30,7/30/17,2,sample,100,30
CER-002-S198,Euk-P2-070,S198,D709,CGGCTATG,A506,CTAGAACA,CERrice-eDNA-2017,P2-7_31,7/31/17,2,sample,100,30
CER-002-S199,Euk-P2-071,S199,D709,CGGCTATG,A507,TAAGTTCC,CERrice-eDNA-2017,P2-8_1,8/1/17,2,sample,100,30
CER-002-S200,Euk-P2-072,S200,D709,CGGCTATG,A508,TAGACCTA,CERrice-eDNA-2017,P2-8_2,8/2/17,2,sample,100,30
CER-002-S201,Euk-P2-073,S201,D710,TCCGCGAA,A501,TGAACCTT,CERrice-eDNA-2017,P2-8_3,8/3/17,2,sample,100,30
CER-002-S202,Euk-P2-074,S202,D710,TCCGCGAA,A502,TGCTAAGT,CERrice-eDNA-2017,P2-8_4,8/4/17,2,sample,100,30
CER-002-S203,Euk-P2-075,S203,D710,TCCGCGAA,A503,TGTTCTCT,CERrice-eDNA-2017,P2-8_5,8/5/17,2,sample,100,30
CER-002-S204,Euk-P2-076,S204,D710,TCCGCGAA,A504,TAAGACAC,CERrice-eDNA-2017,P2-8_6,8/6/17,2,sample,100,30
CER-002-S205,Euk-P2-077,S205,D710,TCCGCGAA,A505,CTAATCGA,CERrice-eDNA-2017,P2-8_7,8/7/17,2,sample,100,30
CER-002-S206,Euk-P2-078,S206,D710,TCCGCGAA,A506,CTAGAACA,CERrice-eDNA-2017,P2-8_8,8/8/17,2,sample,100,30
CER-002-S207,Euk-P2-079,S207,D710,TCCGCGAA,A507,TAAGTTCC,CERrice-eDNA-2017,P2-8_9,8/9/17,2,sample,90,30
CER-002-S208,Euk-P2-080,S208,D710,TCCGCGAA,A508,TAGACCTA,CERrice-eDNA-2017,P2-8_10,8/10/17,2,sample,90,30
CER-002-S209,Euk-P2-081,S209,D711,TCTCGCGC,A501,TGAACCTT,CERrice-eDNA-2017,P2-8_11,8/11/17,2,sample,100,30
CER-002-S210,Euk-P2-082,S210,D711,TCTCGCGC,A502,TGCTAAGT,CERrice-eDNA-2017,P2-8_12,8/12/17,2,sample,100,30
CER-002-S211,Euk-P2-083,S211,D711,TCTCGCGC,A503,TGTTCTCT,CERrice-eDNA-2017,P2-8_13,8/13/17,2,sample,100,30
CER-002-S212,Euk-P2-084,S212,D711,TCTCGCGC,A504,TAAGACAC,CERrice-eDNA-2017,P2-8_14,8/14/17,2,sample,100,30
CER-002-S213,Euk-P2-085,S213,D711,TCTCGCGC,A505,CTAATCGA,CERrice-eDNA-2017,P2-8_15,8/15/17,2,sample,100,30
CER-002-S214,Euk-P2-086,S214,D711,TCTCGCGC,A506,CTAGAACA,CERrice-eDNA-2017,P2-8_16,8/16/17,2,sample,100,30
CER-002-S215,Euk-P2-087,S215,D711,TCTCGCGC,A507,TAAGTTCC,CERrice-eDNA-2017,P2-8_17,8/17/17,2,sample,100,30
CER-002-S216,Euk-P2-088,S216,D711,TCTCGCGC,A508,TAGACCTA,CERrice-eDNA-2017,P2-8_18,8/18/17,2,sample,100,30
CER-002-S217,Euk-P2-089,S217,D712,AGCGATAG,A501,TGAACCTT,CERrice-eDNA-2017,P2-8_19,8/19/17,2,sample,100,30
CER-002-S218,Euk-P2-090,S218,D712,AGCGATAG,A502,TGCTAAGT,CERrice-eDNA-2017,P2-8_20,8/20/17,2,sample,100,30
CER-002-S219,Euk-P2-091,S219,D712,AGCGATAG,A503,TGTTCTCT,CERrice-eDNA-2017,P2-8_21,8/21/17,2,sample,100,30
CER-002-S220,Euk-P2-092,S220,D712,AGCGATAG,A504,TAAGACAC,CERrice-eDNA-2017,P2-8_22,8/22/17,2,sample,100,30
CER-002-S221,Euk-P2-093,S221,D712,AGCGATAG,A505,CTAATCGA,CERrice-eDNA-2017,P2-8_23,8/23/17,2,sample,100,30
CER-002-S222,Euk-P2-094,S222,D712,AGCGATAG,A506,CTAGAACA,CERrice-eDNA-2017,P2-8_24,8/24/17,2,sample,100,30
CER-002-S223,Euk-P2-095,S223,D712,AGCGATAG,A507,TAAGTTCC,CERrice-eDNA-2017,P2-8_25,8/25/17,2,sample,100,30
CER-002-S224,Euk-P2-096,S224,D712,AGCGATAG,A508,TAGACCTA,CERrice-eDNA-2017,P2-8_26,8/26/17,2,sample,100,30
CER-002-S225,Euk-P2-097,S225,U717,ACAGTCTG,A501,TGAACCTT,CERrice-eDNA-2017,P2-8_27,8/27/17,2,sample,100,30
CER-002-S226,Euk-P2-098,S226,U717,ACAGTCTG,A502,TGCTAAGT,CERrice-eDNA-2017,P2-8_28,8/28/17,2,sample,100,30
CER-002-S227,Euk-P2-099,S227,U717,ACAGTCTG,A503,TGTTCTCT,CERrice-eDNA-2017,P2-8_29,8/29/17,2,sample,100,30
CER-002-S228,Euk-P2-100,S228,U717,ACAGTCTG,A504,TAAGACAC,CERrice-eDNA-2017,P2-8_30,8/30/17,2,sample,100,30
CER-002-S229,Euk-P2-101,S229,U717,ACAGTCTG,A505,CTAATCGA,CERrice-eDNA-2017,P2-8_31,8/31/17,2,sample,100,30
CER-002-S230,Euk-P2-102,S230,U717,ACAGTCTG,A506,CTAGAACA,CERrice-eDNA-2017,P2-9_1,9/1/17,2,sample,100,30
CER-002-S231,Euk-P2-103,S231,U717,ACAGTCTG,A507,TAAGTTCC,CERrice-eDNA-2017,P2-9_2,9/2/17,2,sample,100,30
CER-002-S232,Euk-P2-104,S232,U717,ACAGTCTG,A508,TAGACCTA,CERrice-eDNA-2017,P2-9_3,9/3/17,2,sample,100,30
CER-002-S233,Euk-P2-105,S233,U718,GAGACACA,A501,TGAACCTT,CERrice-eDNA-2017,P2-9_4,9/4/17,2,sample,100,30
CER-002-S234,Euk-P2-106,S234,U718,GAGACACA,A502,TGCTAAGT,CERrice-eDNA-2017,P2-9_5,9/5/17,2,sample,100,30
CER-002-S235,Euk-P2-107,S235,U718,GAGACACA,A503,TGTTCTCT,CERrice-eDNA-2017,P2-9_6,9/6/17,2,sample,100,30
CER-002-S236,Euk-P2-108,S236,U718,GAGACACA,A504,TAAGACAC,CERrice-eDNA-2017,P2-9_7,9/7/17,2,sample,100,30
CER-002-S237,Euk-P2-109,S237,U718,GAGACACA,A505,CTAATCGA,CERrice-eDNA-2017,P2-9_8,9/8/17,2,sample,100,30
CER-002-S238,Euk-P2-110,S238,U718,GAGACACA,A506,CTAGAACA,CERrice-eDNA-2017,P2-9_9,9/9/17,2,sample,70,30
CER-002-S239,Euk-P2-111,S239,U718,GAGACACA,A507,TAAGTTCC,CERrice-eDNA-2017,P2-9_10,9/10/17,2,sample,50,30
CER-002-S240,Euk-P2-112,S240,U718,GAGACACA,A508,TAGACCTA,CERrice-eDNA-2017,P2-9_11,9/11/17,2,sample,50,20
CER-002-S241,Euk-P2-113,S241,U719,AACCGGAA,A501,TGAACCTT,CERrice-eDNA-2017,P2-9_12,9/12/17,2,sample,50,20
CER-002-S242,Euk-P2-114,S242,U719,AACCGGAA,A502,TGCTAAGT,CERrice-eDNA-2017,P2-9_13,9/13/17,2,sample,50,20
CER-002-S243,Euk-P2-115,S243,U719,AACCGGAA,A503,TGTTCTCT,CERrice-eDNA-2017,P2-9_14,9/14/17,2,sample,50,20
CER-002-S244,Euk-P2-116,S244,U719,AACCGGAA,A504,TAAGACAC,CERrice-eDNA-2017,P2-9_15,9/15/17,2,sample,50,20
CER-002-S245,Euk-P2-117,S245,U719,AACCGGAA,A505,CTAATCGA,CERrice-eDNA-2017,P2-9_16,9/16/17,2,sample,50,20
CER-002-S246,Euk-P2-118,S246,U719,AACCGGAA,A506,CTAGAACA,CERrice-eDNA-2017,P2-9_17,9/17/17,2,sample,50,20
CER-002-S247,Euk-P2-119,S247,U719,AACCGGAA,A507,TAAGTTCC,CERrice-eDNA-2017,P2-9_18,9/18/17,2,sample,50,20
CER-002-S248,Euk-P2-120,S248,U719,AACCGGAA,A508,TAGACCTA,CERrice-eDNA-2017,P2-9_19,9/19/17,2,sample,50,20
CER-002-S249,Euk-P2-121,S249,U720,CGAACGAA,A501,TGAACCTT,CERrice-eDNA-2017,P2-9_20,9/20/17,2,sample,50,20
CER-002-S250,Euk-P2-122,S250,U720,CGAACGAA,A502,TGCTAAGT,CERrice-eDNA-2017,P2-9_21,9/21/17,2,sample,50,20
CER-002-S251,Euk-P2-123,S251,U720,CGAACGAA,A503,TGTTCTCT,CERrice-eDNA-2017,P2-9_22,9/22/17,2,sample,50,20
CER-002-S252,Euk-P2-124,S252,U720,CGAACGAA,A504,TAAGACAC,CERrice-eDNA-2017,P2-STDNC1,NA,2,std_nc,NA,NA
CER-002-S253,Euk-P2-125,S253,U720,CGAACGAA,A505,CTAATCGA,CERrice-eDNA-2017,P2-STDNC2,NA,2,std_nc,NA,NA
CER-002-S254,Euk-P2-126,S254,U720,CGAACGAA,A506,CTAGAACA,CERrice-eDNA-2017,P2-STDNC3,NA,2,std_nc,NA,NA
CER-002-S255,Euk-P2-127,S255,U720,CGAACGAA,A507,TAAGTTCC,CERrice-eDNA-2017,P2-PCRNC1,NA,2,pcr_nc,NA,NA
CER-002-S256,Euk-P2-128,S256,U720,CGAACGAA,A508,TAGACCTA,CERrice-eDNA-2017,P2-PCRNC2,NA,2,pcr_nc,NA,NA
CER-002-S257,Euk-P3-001,S257,U701,CGATGGTT,A501,TGAACCTT,CERrice-eDNA-2017,P3-5_22,5/22/17,3,sample,200,30
CER-002-S258,Euk-P3-002,S258,U701,CGATGGTT,A502,TGCTAAGT,CERrice-eDNA-2017,P3-5_24,5/24/17,3,sample,200,30
CER-002-S259,Euk-P3-003,S259,U701,CGATGGTT,A503,TGTTCTCT,CERrice-eDNA-2017,P3-5_25,5/25/17,3,sample,200,30
CER-002-S260,Euk-P3-004,S260,U701,CGATGGTT,A504,TAAGACAC,CERrice-eDNA-2017,P3-5_26,5/26/17,3,sample,200,30
CER-002-S261,Euk-P3-005,S261,U701,CGATGGTT,A505,CTAATCGA,CERrice-eDNA-2017,P3-5_27,5/27/17,3,sample,200,30
CER-002-S262,Euk-P3-006,S262,U701,CGATGGTT,A506,CTAGAACA,CERrice-eDNA-2017,P3-5_28,5/28/17,3,sample,100,30
CER-002-S263,Euk-P3-007,S263,U701,CGATGGTT,A507,TAAGTTCC,CERrice-eDNA-2017,P3-5_29,5/29/17,3,sample,100,30
CER-002-S264,Euk-P3-008,S264,U701,CGATGGTT,A508,TAGACCTA,CERrice-eDNA-2017,P3-5_30,5/30/17,3,sample,100,30
CER-002-S265,Euk-P3-009,S265,U702,GTAGGAAC,A501,TGAACCTT,CERrice-eDNA-2017,P3-5_31,5/31/17,3,sample,100,30
CER-002-S266,Euk-P3-010,S266,U702,GTAGGAAC,A502,TGCTAAGT,CERrice-eDNA-2017,P3-6_1,6/1/17,3,sample,100,30
CER-002-S267,Euk-P3-011,S267,U702,GTAGGAAC,A503,TGTTCTCT,CERrice-eDNA-2017,P3-6_2,6/2/17,3,sample,100,30
CER-002-S268,Euk-P3-012,S268,U702,GTAGGAAC,A504,TAAGACAC,CERrice-eDNA-2017,P3-6_3,6/3/17,3,sample,100,30
CER-002-S269,Euk-P3-013,S269,U702,GTAGGAAC,A505,CTAATCGA,CERrice-eDNA-2017,P3-6_4,6/4/17,3,sample,100,30
CER-002-S270,Euk-P3-014,S270,U702,GTAGGAAC,A506,CTAGAACA,CERrice-eDNA-2017,P3-6_5,6/5/17,3,sample,100,30
CER-002-S271,Euk-P3-015,S271,U702,GTAGGAAC,A507,TAAGTTCC,CERrice-eDNA-2017,P3-6_6,6/6/17,3,sample,100,30
CER-002-S272,Euk-P3-016,S272,U702,GTAGGAAC,A508,TAGACCTA,CERrice-eDNA-2017,P3-6_7,6/7/17,3,sample,100,30
CER-002-S273,Euk-P3-017,S273,U703,GTACCATG,A501,TGAACCTT,CERrice-eDNA-2017,P3-6_8,6/8/17,3,sample,100,30
CER-002-S274,Euk-P3-018,S274,U703,GTACCATG,A502,TGCTAAGT,CERrice-eDNA-2017,P3-6_9,6/9/17,3,sample,100,30
CER-002-S275,Euk-P3-019,S275,U703,GTACCATG,A503,TGTTCTCT,CERrice-eDNA-2017,P3-6_10,6/10/17,3,sample,100,30
CER-002-S276,Euk-P3-020,S276,U703,GTACCATG,A504,TAAGACAC,CERrice-eDNA-2017,P3-6_11,6/11/17,3,sample,100,30
CER-002-S277,Euk-P3-021,S277,U703,GTACCATG,A505,CTAATCGA,CERrice-eDNA-2017,P3-6_12,6/12/17,3,sample,100,30
CER-002-S278,Euk-P3-022,S278,U703,GTACCATG,A506,CTAGAACA,CERrice-eDNA-2017,P3-6_13,6/13/17,3,sample,100,30
CER-002-S279,Euk-P3-023,S279,U703,GTACCATG,A507,TAAGTTCC,CERrice-eDNA-2017,P3-6_14,6/14/17,3,sample,100,30
CER-002-S280,Euk-P3-024,S280,U703,GTACCATG,A508,TAGACCTA,CERrice-eDNA-2017,P3-6_15,6/15/17,3,sample,100,30
CER-002-S281,Euk-P3-025,S281,U704,AGTCCACA,A501,TGAACCTT,CERrice-eDNA-2017,P3-6_16,6/16/17,3,sample,100,30
CER-002-S282,Euk-P3-026,S282,U704,AGTCCACA,A502,TGCTAAGT,CERrice-eDNA-2017,P3-6_17,6/17/17,3,sample,100,30
CER-002-S283,Euk-P3-027,S283,U704,AGTCCACA,A503,TGTTCTCT,CERrice-eDNA-2017,P3-6_18,6/18/17,3,sample,100,30
CER-002-S284,Euk-P3-028,S284,U704,AGTCCACA,A504,TAAGACAC,CERrice-eDNA-2017,P3-6_19,6/19/17,3,sample,100,30
CER-002-S285,Euk-P3-029,S285,U704,AGTCCACA,A505,CTAATCGA,CERrice-eDNA-2017,P3-6_20,6/20/17,3,sample,100,30
CER-002-S286,Euk-P3-030,S286,U704,AGTCCACA,A506,CTAGAACA,CERrice-eDNA-2017,P3-6_21,6/21/17,3,sample,100,30
CER-002-S287,Euk-P3-031,S287,U704,AGTCCACA,A507,TAAGTTCC,CERrice-eDNA-2017,P3-6_22,6/22/17,3,sample,100,30
CER-002-S288,Euk-P3-032,S288,U704,AGTCCACA,A508,TAGACCTA,CERrice-eDNA-2017,P3-6_23,6/23/17,3,sample,100,30
CER-002-S289,Euk-P3-033,S289,U705,TGCTACCT,A501,TGAACCTT,CERrice-eDNA-2017,P3-6_24,6/24/17,3,sample,100,30
CER-002-S290,Euk-P3-034,S290,U705,TGCTACCT,A502,TGCTAAGT,CERrice-eDNA-2017,P3-6_25,6/25/17,3,sample,100,30
CER-002-S291,Euk-P3-035,S291,U705,TGCTACCT,A503,TGTTCTCT,CERrice-eDNA-2017,P3-6_26,6/26/17,3,sample,100,30
CER-002-S292,Euk-P3-036,S292,U705,TGCTACCT,A504,TAAGACAC,CERrice-eDNA-2017,P3-6_27,6/27/17,3,sample,100,30
CER-002-S293,Euk-P3-037,S293,U705,TGCTACCT,A505,CTAATCGA,CERrice-eDNA-2017,P3-6_28,6/28/17,3,sample,100,30
CER-002-S294,Euk-P3-038,S294,U705,TGCTACCT,A506,CTAGAACA,CERrice-eDNA-2017,P3-6_29,6/29/17,3,sample,100,30
CER-002-S295,Euk-P3-039,S295,U705,TGCTACCT,A507,TAAGTTCC,CERrice-eDNA-2017,P3-6_30,6/30/17,3,sample,100,30
CER-002-S296,Euk-P3-040,S296,U705,TGCTACCT,A508,TAGACCTA,CERrice-eDNA-2017,P3-7_1,7/1/17,3,sample,100,30
CER-002-S297,Euk-P3-041,S297,U706,GTGTGTGT,A501,TGAACCTT,CERrice-eDNA-2017,P3-7_2,7/2/17,3,sample,100,30
CER-002-S298,Euk-P3-042,S298,U706,GTGTGTGT,A502,TGCTAAGT,CERrice-eDNA-2017,P3-7_3,7/3/17,3,sample,100,30
CER-002-S299,Euk-P3-043,S299,U706,GTGTGTGT,A503,TGTTCTCT,CERrice-eDNA-2017,P3-7_4,7/4/17,3,sample,100,30
CER-002-S300,Euk-P3-044,S300,U706,GTGTGTGT,A504,TAAGACAC,CERrice-eDNA-2017,P3-7_5,7/5/17,3,sample,100,30
CER-002-S301,Euk-P3-045,S301,U706,GTGTGTGT,A505,CTAATCGA,CERrice-eDNA-2017,P3-7_6,7/6/17,3,sample,100,30
CER-002-S302,Euk-P3-046,S302,U706,GTGTGTGT,A506,CTAGAACA,CERrice-eDNA-2017,P3-7_7,7/7/17,3,sample,100,30
CER-002-S303,Euk-P3-047,S303,U706,GTGTGTGT,A507,TAAGTTCC,CERrice-eDNA-2017,P3-7_8,7/8/17,3,sample,100,30
CER-002-S304,Euk-P3-048,S304,U706,GTGTGTGT,A508,TAGACCTA,CERrice-eDNA-2017,P3-7_9,7/9/17,3,sample,100,30
CER-002-S305,Euk-P3-049,S305,U707,TCCTTGGT,A501,TGAACCTT,CERrice-eDNA-2017,P3-7_10,7/10/17,3,sample,100,30
CER-002-S306,Euk-P3-050,S306,U707,TCCTTGGT,A502,TGCTAAGT,CERrice-eDNA-2017,P3-7_11,7/11/17,3,sample,100,30
CER-002-S307,Euk-P3-051,S307,U707,TCCTTGGT,A503,TGTTCTCT,CERrice-eDNA-2017,P3-7_12,7/12/17,3,sample,100,30
CER-002-S308,Euk-P3-052,S308,U707,TCCTTGGT,A504,TAAGACAC,CERrice-eDNA-2017,P3-7_13,7/13/17,3,sample,100,30
CER-002-S309,Euk-P3-053,S309,U707,TCCTTGGT,A505,CTAATCGA,CERrice-eDNA-2017,P3-7_14,7/14/17,3,sample,100,30
CER-002-S310,Euk-P3-054,S310,U707,TCCTTGGT,A506,CTAGAACA,CERrice-eDNA-2017,P3-7_15,7/15/17,3,sample,100,30
CER-002-S311,Euk-P3-055,S311,U707,TCCTTGGT,A507,TAAGTTCC,CERrice-eDNA-2017,P3-7_16,7/16/17,3,sample,100,30
CER-002-S312,Euk-P3-056,S312,U707,TCCTTGGT,A508,TAGACCTA,CERrice-eDNA-2017,P3-7_17,7/17/17,3,sample,100,30
CER-002-S313,Euk-P3-057,S313,U708,CAGTGACT,A501,TGAACCTT,CERrice-eDNA-2017,P3-7_18,7/18/17,3,sample,100,30
CER-002-S314,Euk-P3-058,S314,U708,CAGTGACT,A502,TGCTAAGT,CERrice-eDNA-2017,P3-7_19,7/19/17,3,sample,100,30
CER-002-S315,Euk-P3-059,S315,U708,CAGTGACT,A503,TGTTCTCT,CERrice-eDNA-2017,P3-7_20,7/20/17,3,sample,100,30
CER-002-S316,Euk-P3-060,S316,U708,CAGTGACT,A504,TAAGACAC,CERrice-eDNA-2017,P3-7_21,7/21/17,3,sample,100,30
CER-002-S317,Euk-P3-061,S317,U708,CAGTGACT,A505,CTAATCGA,CERrice-eDNA-2017,P3-7_22,7/22/17,3,sample,100,30
CER-002-S318,Euk-P3-062,S318,U708,CAGTGACT,A506,CTAGAACA,CERrice-eDNA-2017,P3-7_23,7/23/17,3,sample,100,30
CER-002-S319,Euk-P3-063,S319,U708,CAGTGACT,A507,TAAGTTCC,CERrice-eDNA-2017,P3-7_24,7/24/17,3,sample,100,30
CER-002-S320,Euk-P3-064,S320,U708,CAGTGACT,A508,TAGACCTA,CERrice-eDNA-2017,P3-7_25,7/25/17,3,sample,100,30
CER-002-S321,Euk-P3-065,S321,U709,CCGGATAT,A501,TGAACCTT,CERrice-eDNA-2017,P3-7_26,7/26/17,3,sample,100,30
CER-002-S322,Euk-P3-066,S322,U709,CCGGATAT,A502,TGCTAAGT,CERrice-eDNA-2017,P3-7_27,7/27/17,3,sample,100,30
CER-002-S323,Euk-P3-067,S323,U709,CCGGATAT,A503,TGTTCTCT,CERrice-eDNA-2017,P3-7_28,7/28/17,3,sample,100,30
CER-002-S324,Euk-P3-068,S324,U709,CCGGATAT,A504,TAAGACAC,CERrice-eDNA-2017,P3-7_29,7/29/17,3,sample,100,30
CER-002-S325,Euk-P3-069,S325,U709,CCGGATAT,A505,CTAATCGA,CERrice-eDNA-2017,P3-7_30,7/30/17,3,sample,100,30
CER-002-S326,Euk-P3-070,S326,U709,CCGGATAT,A506,CTAGAACA,CERrice-eDNA-2017,P3-7_31,7/31/17,3,sample,100,30
CER-002-S327,Euk-P3-071,S327,U709,CCGGATAT,A507,TAAGTTCC,CERrice-eDNA-2017,P3-8_1,8/1/17,3,sample,100,30
CER-002-S328,Euk-P3-072,S328,U709,CCGGATAT,A508,TAGACCTA,CERrice-eDNA-2017,P3-8_2,8/2/17,3,sample,100,30
CER-002-S329,Euk-P3-073,S329,U710,TTGCGGAT,A501,TGAACCTT,CERrice-eDNA-2017,P3-8_3,8/3/17,3,sample,100,30
CER-002-S330,Euk-P3-074,S330,U710,TTGCGGAT,A502,TGCTAAGT,CERrice-eDNA-2017,P3-8_4,8/4/17,3,sample,100,30
CER-002-S331,Euk-P3-075,S331,U710,TTGCGGAT,A503,TGTTCTCT,CERrice-eDNA-2017,P3-8_5,8/5/17,3,sample,100,30
CER-002-S332,Euk-P3-076,S332,U710,TTGCGGAT,A504,TAAGACAC,CERrice-eDNA-2017,P3-8_6,8/6/17,3,sample,100,30
CER-002-S333,Euk-P3-077,S333,U710,TTGCGGAT,A505,CTAATCGA,CERrice-eDNA-2017,P3-8_7,8/7/17,3,sample,100,30
CER-002-S334,Euk-P3-078,S334,U710,TTGCGGAT,A506,CTAGAACA,CERrice-eDNA-2017,P3-8_8,8/8/17,3,sample,100,30
CER-002-S335,Euk-P3-079,S335,U710,TTGCGGAT,A507,TAAGTTCC,CERrice-eDNA-2017,P3-8_9,8/9/17,3,sample,100,30
CER-002-S336,Euk-P3-080,S336,U710,TTGCGGAT,A508,TAGACCTA,CERrice-eDNA-2017,P3-8_10,8/10/17,3,sample,100,30
CER-002-S337,Euk-P3-081,S337,U711,GCATGCAT,A501,TGAACCTT,CERrice-eDNA-2017,P3-8_11,8/11/17,3,sample,100,30
CER-002-S338,Euk-P3-082,S338,U711,GCATGCAT,A502,TGCTAAGT,CERrice-eDNA-2017,P3-8_12,8/12/17,3,sample,100,30
CER-002-S339,Euk-P3-083,S339,U711,GCATGCAT,A503,TGTTCTCT,CERrice-eDNA-2017,P3-8_13,8/13/17,3,sample,100,30
CER-002-S340,Euk-P3-084,S340,U711,GCATGCAT,A504,TAAGACAC,CERrice-eDNA-2017,P3-8_14,8/14/17,3,sample,100,30
CER-002-S341,Euk-P3-085,S341,U711,GCATGCAT,A505,CTAATCGA,CERrice-eDNA-2017,P3-8_15,8/15/17,3,sample,100,30
CER-002-S342,Euk-P3-086,S342,U711,GCATGCAT,A506,CTAGAACA,CERrice-eDNA-2017,P3-8_16,8/16/17,3,sample,100,30
CER-002-S343,Euk-P3-087,S343,U711,GCATGCAT,A507,TAAGTTCC,CERrice-eDNA-2017,P3-8_17,8/17/17,3,sample,100,30
CER-002-S344,Euk-P3-088,S344,U711,GCATGCAT,A508,TAGACCTA,CERrice-eDNA-2017,P3-8_18,8/18/17,3,sample,100,30
CER-002-S345,Euk-P3-089,S345,U712,GCCGTAAT,A501,TGAACCTT,CERrice-eDNA-2017,P3-8_19,8/19/17,3,sample,100,30
CER-002-S346,Euk-P3-090,S346,U712,GCCGTAAT,A502,TGCTAAGT,CERrice-eDNA-2017,P3-8_20,8/20/17,3,sample,100,30
CER-002-S347,Euk-P3-091,S347,U712,GCCGTAAT,A503,TGTTCTCT,CERrice-eDNA-2017,P3-8_21,8/21/17,3,sample,100,30
CER-002-S348,Euk-P3-092,S348,U712,GCCGTAAT,A504,TAAGACAC,CERrice-eDNA-2017,P3-8_22,8/22/17,3,sample,100,30
CER-002-S349,Euk-P3-093,S349,U712,GCCGTAAT,A505,CTAATCGA,CERrice-eDNA-2017,P3-8_23,8/23/17,3,sample,100,30
CER-002-S350,Euk-P3-094,S350,U712,GCCGTAAT,A506,CTAGAACA,CERrice-eDNA-2017,P3-8_24,8/24/17,3,sample,100,30
CER-002-S351,Euk-P3-095,S351,U712,GCCGTAAT,A507,TAAGTTCC,CERrice-eDNA-2017,P3-8_25,8/25/17,3,sample,100,30
CER-002-S352,Euk-P3-096,S352,U712,GCCGTAAT,A508,TAGACCTA,CERrice-eDNA-2017,P3-8_26,8/26/17,3,sample,100,30
CER-002-S353,Euk-P3-097,S353,U721,CTTGGTTC,A501,TGAACCTT,CERrice-eDNA-2017,P3-8_27,8/27/17,3,sample,100,30
CER-002-S354,Euk-P3-098,S354,U721,CTTGGTTC,A502,TGCTAAGT,CERrice-eDNA-2017,P3-8_28,8/28/17,3,sample,100,30
CER-002-S355,Euk-P3-099,S355,U721,CTTGGTTC,A503,TGTTCTCT,CERrice-eDNA-2017,P3-8_29,8/29/17,3,sample,100,30
CER-002-S356,Euk-P3-100,S356,U721,CTTGGTTC,A504,TAAGACAC,CERrice-eDNA-2017,P3-8_30,8/30/17,3,sample,100,30
CER-002-S357,Euk-P3-101,S357,U721,CTTGGTTC,A505,CTAATCGA,CERrice-eDNA-2017,P3-8_31,8/31/17,3,sample,100,30
CER-002-S358,Euk-P3-102,S358,U721,CTTGGTTC,A506,CTAGAACA,CERrice-eDNA-2017,P3-9_1,9/1/17,3,sample,100,30
CER-002-S359,Euk-P3-103,S359,U721,CTTGGTTC,A507,TAAGTTCC,CERrice-eDNA-2017,P3-9_2,9/2/17,3,sample,100,30
CER-002-S360,Euk-P3-104,S360,U721,CTTGGTTC,A508,TAGACCTA,CERrice-eDNA-2017,P3-9_3,9/3/17,3,sample,100,30
CER-002-S361,Euk-P3-105,S361,U722,CATCGTTC,A501,TGAACCTT,CERrice-eDNA-2017,P3-9_4,9/4/17,3,sample,100,30
CER-002-S362,Euk-P3-106,S362,U722,CATCGTTC,A502,TGCTAAGT,CERrice-eDNA-2017,P3-9_5,9/5/17,3,sample,100,30
CER-002-S363,Euk-P3-107,S363,U722,CATCGTTC,A503,TGTTCTCT,CERrice-eDNA-2017,P3-9_6,9/6/17,3,sample,100,30
CER-002-S364,Euk-P3-108,S364,U722,CATCGTTC,A504,TAAGACAC,CERrice-eDNA-2017,P3-9_7,9/7/17,3,sample,100,30
CER-002-S365,Euk-P3-109,S365,U722,CATCGTTC,A505,CTAATCGA,CERrice-eDNA-2017,P3-9_8,9/8/17,3,sample,100,30
CER-002-S366,Euk-P3-110,S366,U722,CATCGTTC,A506,CTAGAACA,CERrice-eDNA-2017,P3-9_9,9/9/17,3,sample,100,30
CER-002-S367,Euk-P3-111,S367,U722,CATCGTTC,A507,TAAGTTCC,CERrice-eDNA-2017,P3-9_10,9/10/17,3,sample,50,30
CER-002-S368,Euk-P3-112,S368,U722,CATCGTTC,A508,TAGACCTA,CERrice-eDNA-2017,P3-9_11,9/11/17,3,sample,50,20
CER-002-S369,Euk-P3-113,S369,U723,AGCAGTTC,A501,TGAACCTT,CERrice-eDNA-2017,P3-9_12,9/12/17,3,sample,50,20
CER-002-S370,Euk-P3-114,S370,U723,AGCAGTTC,A502,TGCTAAGT,CERrice-eDNA-2017,P3-9_13,9/13/17,3,sample,50,20
CER-002-S371,Euk-P3-115,S371,U723,AGCAGTTC,A503,TGTTCTCT,CERrice-eDNA-2017,P3-9_14,9/14/17,3,sample,50,20
CER-002-S372,Euk-P3-116,S372,U723,AGCAGTTC,A504,TAAGACAC,CERrice-eDNA-2017,P3-9_15,9/15/17,3,sample,50,20
CER-002-S373,Euk-P3-117,S373,U723,AGCAGTTC,A505,CTAATCGA,CERrice-eDNA-2017,P3-9_16,9/16/17,3,sample,50,20
CER-002-S374,Euk-P3-118,S374,U723,AGCAGTTC,A506,CTAGAACA,CERrice-eDNA-2017,P3-9_17,9/17/17,3,sample,50,20
CER-002-S375,Euk-P3-119,S375,U723,AGCAGTTC,A507,TAAGTTCC,CERrice-eDNA-2017,P3-9_18,9/18/17,3,sample,50,20
CER-002-S376,Euk-P3-120,S376,U723,AGCAGTTC,A508,TAGACCTA,CERrice-eDNA-2017,P3-9_19,9/19/17,3,sample,50,20
CER-002-S377,Euk-P3-121,S377,U724,TCCTCTTC,A501,TGAACCTT,CERrice-eDNA-2017,P3-9_20,9/20/17,3,sample,50,20
CER-002-S378,Euk-P3-122,S378,U724,TCCTCTTC,A502,TGCTAAGT,CERrice-eDNA-2017,P3-9_21,9/21/17,3,sample,50,20
CER-002-S379,Euk-P3-123,S379,U724,TCCTCTTC,A503,TGTTCTCT,CERrice-eDNA-2017,P3-9_22,9/22/17,3,sample,50,20
CER-002-S380,Euk-P3-124,S380,U724,TCCTCTTC,A504,TAAGACAC,CERrice-eDNA-2017,P3-STDNC1,NA,3,std_nc,NA,NA
CER-002-S381,Euk-P3-125,S381,U724,TCCTCTTC,A505,CTAATCGA,CERrice-eDNA-2017,P3-STDNC2,NA,3,std_nc,NA,NA
CER-002-S382,Euk-P3-126,S382,U724,TCCTCTTC,A506,CTAGAACA,CERrice-eDNA-2017,P3-STDNC3,NA,3,std_nc,NA,NA
CER-002-S383,Euk-P3-127,S383,U724,TCCTCTTC,A507,TAAGTTCC,CERrice-eDNA-2017,P3-PCRNC1,NA,3,pcr_nc,NA,NA
CER-002-S384,Euk-P3-128,S384,U724,TCCTCTTC,A508,TAGACCTA,CERrice-eDNA-2017,P3-PCRNC2,NA,3,pcr_nc,NA,NA
CER-002-S385,Euk-P4-001,S385,A701,ATCACGAC,D501,TATAGCCT,CERrice-eDNA-2017,P4-5_22,5/22/17,4,sample,200,30
CER-002-S386,Euk-P4-002,S386,A701,ATCACGAC,D502,ATAGAGGC,CERrice-eDNA-2017,P4-5_24,5/24/17,4,sample,200,30
CER-002-S387,Euk-P4-003,S387,A701,ATCACGAC,D503,CCTATCCT,CERrice-eDNA-2017,P4-5_25,5/25/17,4,sample,200,30
CER-002-S388,Euk-P4-004,S388,A701,ATCACGAC,D504,GGCTCTGA,CERrice-eDNA-2017,P4-5_26,5/26/17,4,sample,200,30
CER-002-S389,Euk-P4-005,S389,A701,ATCACGAC,D505,AGGCGAAG,CERrice-eDNA-2017,P4-5_27,5/27/17,4,sample,200,30
CER-002-S390,Euk-P4-006,S390,A701,ATCACGAC,D506,TAATCTTA,CERrice-eDNA-2017,P4-5_28,5/28/17,4,sample,100,30
CER-002-S391,Euk-P4-007,S391,A701,ATCACGAC,D507,CAGGACGT,CERrice-eDNA-2017,P4-5_29,5/29/17,4,sample,100,30
CER-002-S392,Euk-P4-008,S392,A701,ATCACGAC,D508,GTACTGAC,CERrice-eDNA-2017,P4-5_30,5/30/17,4,sample,100,30
CER-002-S393,Euk-P4-009,S393,A702,ACAGTGGT,D501,TATAGCCT,CERrice-eDNA-2017,P4-5_31,5/31/17,4,sample,100,30
CER-002-S394,Euk-P4-010,S394,A702,ACAGTGGT,D502,ATAGAGGC,CERrice-eDNA-2017,P4-6_1,6/1/17,4,sample,100,30
CER-002-S395,Euk-P4-011,S395,A702,ACAGTGGT,D503,CCTATCCT,CERrice-eDNA-2017,P4-6_2,6/2/17,4,sample,100,30
CER-002-S396,Euk-P4-012,S396,A702,ACAGTGGT,D504,GGCTCTGA,CERrice-eDNA-2017,P4-6_3,6/3/17,4,sample,100,30
CER-002-S397,Euk-P4-013,S397,A702,ACAGTGGT,D505,AGGCGAAG,CERrice-eDNA-2017,P4-6_4,6/4/17,4,sample,100,30
CER-002-S398,Euk-P4-014,S398,A702,ACAGTGGT,D506,TAATCTTA,CERrice-eDNA-2017,P4-6_5,6/5/17,4,sample,100,30
CER-002-S399,Euk-P4-015,S399,A702,ACAGTGGT,D507,CAGGACGT,CERrice-eDNA-2017,P4-6_6,6/6/17,4,sample,100,30
CER-002-S400,Euk-P4-016,S400,A702,ACAGTGGT,D508,GTACTGAC,CERrice-eDNA-2017,P4-6_7,6/7/17,4,sample,100,30
CER-002-S401,Euk-P4-017,S401,A703,CAGATCCA,D501,TATAGCCT,CERrice-eDNA-2017,P4-6_8,6/8/17,4,sample,100,30
CER-002-S402,Euk-P4-018,S402,A703,CAGATCCA,D502,ATAGAGGC,CERrice-eDNA-2017,P4-6_9,6/9/17,4,sample,100,30
CER-002-S403,Euk-P4-019,S403,A703,CAGATCCA,D503,CCTATCCT,CERrice-eDNA-2017,P4-6_10,6/10/17,4,sample,100,30
CER-002-S404,Euk-P4-020,S404,A703,CAGATCCA,D504,GGCTCTGA,CERrice-eDNA-2017,P4-6_11,6/11/17,4,sample,100,30
CER-002-S405,Euk-P4-021,S405,A703,CAGATCCA,D505,AGGCGAAG,CERrice-eDNA-2017,P4-6_12,6/12/17,4,sample,100,30
CER-002-S406,Euk-P4-022,S406,A703,CAGATCCA,D506,TAATCTTA,CERrice-eDNA-2017,P4-6_13,6/13/17,4,sample,100,30
CER-002-S407,Euk-P4-023,S407,A703,CAGATCCA,D507,CAGGACGT,CERrice-eDNA-2017,P4-6_14,6/14/17,4,sample,100,30
CER-002-S408,Euk-P4-024,S408,A703,CAGATCCA,D508,GTACTGAC,CERrice-eDNA-2017,P4-6_15,6/15/17,4,sample,100,30
CER-002-S409,Euk-P4-025,S409,A704,ACAAACGG,D501,TATAGCCT,CERrice-eDNA-2017,P4-6_16,6/16/17,4,sample,100,30
CER-002-S410,Euk-P4-026,S410,A704,ACAAACGG,D502,ATAGAGGC,CERrice-eDNA-2017,P4-6_17,6/17/17,4,sample,100,30
CER-002-S411,Euk-P4-027,S411,A704,ACAAACGG,D503,CCTATCCT,CERrice-eDNA-2017,P4-6_18,6/18/17,4,sample,100,30
CER-002-S412,Euk-P4-028,S412,A704,ACAAACGG,D504,GGCTCTGA,CERrice-eDNA-2017,P4-6_19,6/19/17,4,sample,100,30
CER-002-S413,Euk-P4-029,S413,A704,ACAAACGG,D505,AGGCGAAG,CERrice-eDNA-2017,P4-6_20,6/20/17,4,sample,100,30
CER-002-S414,Euk-P4-030,S414,A704,ACAAACGG,D506,TAATCTTA,CERrice-eDNA-2017,P4-6_21,6/21/17,4,sample,100,30
CER-002-S415,Euk-P4-031,S415,A704,ACAAACGG,D507,CAGGACGT,CERrice-eDNA-2017,P4-6_22,6/22/17,4,sample,100,30
CER-002-S416,Euk-P4-032,S416,A704,ACAAACGG,D508,GTACTGAC,CERrice-eDNA-2017,P4-6_23,6/23/17,4,sample,100,30
CER-002-S417,Euk-P4-033,S417,A705,ACCCAGCA,D501,TATAGCCT,CERrice-eDNA-2017,P4-6_24,6/24/17,4,sample,100,30
CER-002-S418,Euk-P4-034,S418,A705,ACCCAGCA,D502,ATAGAGGC,CERrice-eDNA-2017,P4-6_25,6/25/17,4,sample,100,30
CER-002-S419,Euk-P4-035,S419,A705,ACCCAGCA,D503,CCTATCCT,CERrice-eDNA-2017,P4-6_26,6/26/17,4,sample,100,30
CER-002-S420,Euk-P4-036,S420,A705,ACCCAGCA,D504,GGCTCTGA,CERrice-eDNA-2017,P4-6_27,6/27/17,4,sample,100,30
CER-002-S421,Euk-P4-037,S421,A705,ACCCAGCA,D505,AGGCGAAG,CERrice-eDNA-2017,P4-6_28,6/28/17,4,sample,100,30
CER-002-S422,Euk-P4-038,S422,A705,ACCCAGCA,D506,TAATCTTA,CERrice-eDNA-2017,P4-6_29,6/29/17,4,sample,100,30
CER-002-S423,Euk-P4-039,S423,A705,ACCCAGCA,D507,CAGGACGT,CERrice-eDNA-2017,P4-6_30,6/30/17,4,sample,100,30
CER-002-S424,Euk-P4-040,S424,A705,ACCCAGCA,D508,GTACTGAC,CERrice-eDNA-2017,P4-7_1,7/1/17,4,sample,100,30
CER-002-S425,Euk-P4-041,S425,A706,AACCCCTC,D501,TATAGCCT,CERrice-eDNA-2017,P4-7_2,7/2/17,4,sample,100,30
CER-002-S426,Euk-P4-042,S426,A706,AACCCCTC,D502,ATAGAGGC,CERrice-eDNA-2017,P4-7_3,7/3/17,4,sample,100,30
CER-002-S427,Euk-P4-043,S427,A706,AACCCCTC,D503,CCTATCCT,CERrice-eDNA-2017,P4-7_4,7/4/17,4,sample,100,30
CER-002-S428,Euk-P4-044,S428,A706,AACCCCTC,D504,GGCTCTGA,CERrice-eDNA-2017,P4-7_5,7/5/17,4,sample,100,30
CER-002-S429,Euk-P4-045,S429,A706,AACCCCTC,D505,AGGCGAAG,CERrice-eDNA-2017,P4-7_6,7/6/17,4,sample,100,30
CER-002-S430,Euk-P4-046,S430,A706,AACCCCTC,D506,TAATCTTA,CERrice-eDNA-2017,P4-7_7,7/7/17,4,sample,100,30
CER-002-S431,Euk-P4-047,S431,A706,AACCCCTC,D507,CAGGACGT,CERrice-eDNA-2017,P4-7_8,7/8/17,4,sample,100,30
CER-002-S432,Euk-P4-048,S432,A706,AACCCCTC,D508,GTACTGAC,CERrice-eDNA-2017,P4-7_9,7/9/17,4,sample,100,30
CER-002-S433,Euk-P4-049,S433,A707,CCCAACCT,D501,TATAGCCT,CERrice-eDNA-2017,P4-7_10,7/10/17,4,sample,100,30
CER-002-S434,Euk-P4-050,S434,A707,CCCAACCT,D502,ATAGAGGC,CERrice-eDNA-2017,P4-7_11,7/11/17,4,sample,100,30
CER-002-S435,Euk-P4-051,S435,A707,CCCAACCT,D503,CCTATCCT,CERrice-eDNA-2017,P4-7_12,7/12/17,4,sample,100,30
CER-002-S436,Euk-P4-052,S436,A707,CCCAACCT,D504,GGCTCTGA,CERrice-eDNA-2017,P4-7_13,7/13/17,4,sample,100,30
CER-002-S437,Euk-P4-053,S437,A707,CCCAACCT,D505,AGGCGAAG,CERrice-eDNA-2017,P4-7_14,7/14/17,4,sample,100,30
CER-002-S438,Euk-P4-054,S438,A707,CCCAACCT,D506,TAATCTTA,CERrice-eDNA-2017,P4-7_15,7/15/17,4,sample,100,30
CER-002-S439,Euk-P4-055,S439,A707,CCCAACCT,D507,CAGGACGT,CERrice-eDNA-2017,P4-7_16,7/16/17,4,sample,100,30
CER-002-S440,Euk-P4-056,S440,A707,CCCAACCT,D508,GTACTGAC,CERrice-eDNA-2017,P4-7_17,7/17/17,4,sample,100,30
CER-002-S441,Euk-P4-057,S441,A708,CACCACAC,D501,TATAGCCT,CERrice-eDNA-2017,P4-7_18,7/18/17,4,sample,100,30
CER-002-S442,Euk-P4-058,S442,A708,CACCACAC,D502,ATAGAGGC,CERrice-eDNA-2017,P4-7_19,7/19/17,4,sample,100,30
CER-002-S443,Euk-P4-059,S443,A708,CACCACAC,D503,CCTATCCT,CERrice-eDNA-2017,P4-7_20,7/20/17,4,sample,100,30
CER-002-S444,Euk-P4-060,S444,A708,CACCACAC,D504,GGCTCTGA,CERrice-eDNA-2017,P4-7_21,7/21/17,4,sample,100,30
CER-002-S445,Euk-P4-061,S445,A708,CACCACAC,D505,AGGCGAAG,CERrice-eDNA-2017,P4-7_22,7/22/17,4,sample,100,30
CER-002-S446,Euk-P4-062,S446,A708,CACCACAC,D506,TAATCTTA,CERrice-eDNA-2017,P4-7_23,7/23/17,4,sample,100,30
CER-002-S447,Euk-P4-063,S447,A708,CACCACAC,D507,CAGGACGT,CERrice-eDNA-2017,P4-7_24,7/24/17,4,sample,100,30
CER-002-S448,Euk-P4-064,S448,A708,CACCACAC,D508,GTACTGAC,CERrice-eDNA-2017,P4-7_25,7/25/17,4,sample,100,30
CER-002-S449,Euk-P4-065,S449,A709,GAAACCCA,D501,TATAGCCT,CERrice-eDNA-2017,P4-7_26,7/26/17,4,sample,100,30
CER-002-S450,Euk-P4-066,S450,A709,GAAACCCA,D502,ATAGAGGC,CERrice-eDNA-2017,P4-7_27,7/27/17,4,sample,100,30
CER-002-S451,Euk-P4-067,S451,A709,GAAACCCA,D503,CCTATCCT,CERrice-eDNA-2017,P4-7_28,7/28/17,4,sample,100,30
CER-002-S452,Euk-P4-068,S452,A709,GAAACCCA,D504,GGCTCTGA,CERrice-eDNA-2017,P4-7_29,7/29/17,4,sample,100,30
CER-002-S453,Euk-P4-069,S453,A709,GAAACCCA,D505,AGGCGAAG,CERrice-eDNA-2017,P4-7_30,7/30/17,4,sample,100,30
CER-002-S454,Euk-P4-070,S454,A709,GAAACCCA,D506,TAATCTTA,CERrice-eDNA-2017,P4-7_31,7/31/17,4,sample,100,30
CER-002-S455,Euk-P4-071,S455,A709,GAAACCCA,D507,CAGGACGT,CERrice-eDNA-2017,P4-8_1,8/1/17,4,sample,100,30
CER-002-S456,Euk-P4-072,S456,A709,GAAACCCA,D508,GTACTGAC,CERrice-eDNA-2017,P4-8_2,8/2/17,4,sample,100,30
CER-002-S457,Euk-P4-073,S457,A710,TGTGACCA,D501,TATAGCCT,CERrice-eDNA-2017,P4-8_3,8/3/17,4,sample,100,30
CER-002-S458,Euk-P4-074,S458,A710,TGTGACCA,D502,ATAGAGGC,CERrice-eDNA-2017,P4-8_4,8/4/17,4,sample,100,30
CER-002-S459,Euk-P4-075,S459,A710,TGTGACCA,D503,CCTATCCT,CERrice-eDNA-2017,P4-8_5,8/5/17,4,sample,100,30
CER-002-S460,Euk-P4-076,S460,A710,TGTGACCA,D504,GGCTCTGA,CERrice-eDNA-2017,P4-8_6,8/6/17,4,sample,100,30
CER-002-S461,Euk-P4-077,S461,A710,TGTGACCA,D505,AGGCGAAG,CERrice-eDNA-2017,P4-8_7,8/7/17,4,sample,100,30
CER-002-S462,Euk-P4-078,S462,A710,TGTGACCA,D506,TAATCTTA,CERrice-eDNA-2017,P4-8_8,8/8/17,4,sample,100,30
CER-002-S463,Euk-P4-079,S463,A710,TGTGACCA,D507,CAGGACGT,CERrice-eDNA-2017,P4-8_9,8/9/17,4,sample,100,30
CER-002-S464,Euk-P4-080,S464,A710,TGTGACCA,D508,GTACTGAC,CERrice-eDNA-2017,P4-8_10,8/10/17,4,sample,100,30
CER-002-S465,Euk-P4-081,S465,A711,AGGGTCAA,D501,TATAGCCT,CERrice-eDNA-2017,P4-8_11,8/11/17,4,sample,100,30
CER-002-S466,Euk-P4-082,S466,A711,AGGGTCAA,D502,ATAGAGGC,CERrice-eDNA-2017,P4-8_12,8/12/17,4,sample,100,30
CER-002-S467,Euk-P4-083,S467,A711,AGGGTCAA,D503,CCTATCCT,CERrice-eDNA-2017,P4-8_13,8/13/17,4,sample,100,30
CER-002-S468,Euk-P4-084,S468,A711,AGGGTCAA,D504,GGCTCTGA,CERrice-eDNA-2017,P4-8_14,8/14/17,4,sample,100,30
CER-002-S469,Euk-P4-085,S469,A711,AGGGTCAA,D505,AGGCGAAG,CERrice-eDNA-2017,P4-8_15,8/15/17,4,sample,100,30
CER-002-S470,Euk-P4-086,S470,A711,AGGGTCAA,D506,TAATCTTA,CERrice-eDNA-2017,P4-8_16,8/16/17,4,sample,100,30
CER-002-S471,Euk-P4-087,S471,A711,AGGGTCAA,D507,CAGGACGT,CERrice-eDNA-2017,P4-8_17,8/17/17,4,sample,100,30
CER-002-S472,Euk-P4-088,S472,A711,AGGGTCAA,D508,GTACTGAC,CERrice-eDNA-2017,P4-8_18,8/18/17,4,sample,100,30
CER-002-S473,Euk-P4-089,S473,A712,AGGAGTGG,D501,TATAGCCT,CERrice-eDNA-2017,P4-8_19,8/19/17,4,sample,100,30
CER-002-S474,Euk-P4-090,S474,A712,AGGAGTGG,D502,ATAGAGGC,CERrice-eDNA-2017,P4-8_20,8/20/17,4,sample,100,30
CER-002-S475,Euk-P4-091,S475,A712,AGGAGTGG,D503,CCTATCCT,CERrice-eDNA-2017,P4-8_21,8/21/17,4,sample,100,30
CER-002-S476,Euk-P4-092,S476,A712,AGGAGTGG,D504,GGCTCTGA,CERrice-eDNA-2017,P4-8_22,8/22/17,4,sample,100,30
CER-002-S477,Euk-P4-093,S477,A712,AGGAGTGG,D505,AGGCGAAG,CERrice-eDNA-2017,P4-8_23,8/23/17,4,sample,100,30
CER-002-S478,Euk-P4-094,S478,A712,AGGAGTGG,D506,TAATCTTA,CERrice-eDNA-2017,P4-8_24,8/24/17,4,sample,100,30
CER-002-S479,Euk-P4-095,S479,A712,AGGAGTGG,D507,CAGGACGT,CERrice-eDNA-2017,P4-8_25,8/25/17,4,sample,100,30
CER-002-S480,Euk-P4-096,S480,A712,AGGAGTGG,D508,GTACTGAC,CERrice-eDNA-2017,P4-8_26,8/26/17,4,sample,100,30
CER-002-S481,Euk-P4-097,S481,U701,CGATGGTT,D501,TATAGCCT,CERrice-eDNA-2017,P4-8_27,8/27/17,4,sample,100,30
CER-002-S482,Euk-P4-098,S482,U701,CGATGGTT,D502,ATAGAGGC,CERrice-eDNA-2017,P4-8_28,8/28/17,4,sample,100,30
CER-002-S483,Euk-P4-099,S483,U701,CGATGGTT,D503,CCTATCCT,CERrice-eDNA-2017,P4-8_29,8/29/17,4,sample,100,30
CER-002-S484,Euk-P4-100,S484,U701,CGATGGTT,D504,GGCTCTGA,CERrice-eDNA-2017,P4-8_30,8/30/17,4,sample,100,30
CER-002-S485,Euk-P4-101,S485,U701,CGATGGTT,D505,AGGCGAAG,CERrice-eDNA-2017,P4-8_31,8/31/17,4,sample,100,30
CER-002-S486,Euk-P4-102,S486,U701,CGATGGTT,D506,TAATCTTA,CERrice-eDNA-2017,P4-9_1,9/1/17,4,sample,100,30
CER-002-S487,Euk-P4-103,S487,U701,CGATGGTT,D507,CAGGACGT,CERrice-eDNA-2017,P4-9_2,9/2/17,4,sample,100,30
CER-002-S488,Euk-P4-104,S488,U701,CGATGGTT,D508,GTACTGAC,CERrice-eDNA-2017,P4-9_3,9/3/17,4,sample,100,30
CER-002-S489,Euk-P4-105,S489,U702,GTAGGAAC,D501,TATAGCCT,CERrice-eDNA-2017,P4-9_4,9/4/17,4,sample,100,30
CER-002-S490,Euk-P4-106,S490,U702,GTAGGAAC,D502,ATAGAGGC,CERrice-eDNA-2017,P4-9_5,9/5/17,4,sample,100,30
CER-002-S491,Euk-P4-107,S491,U702,GTAGGAAC,D503,CCTATCCT,CERrice-eDNA-2017,P4-9_6,9/6/17,4,sample,100,30
CER-002-S492,Euk-P4-108,S492,U702,GTAGGAAC,D504,GGCTCTGA,CERrice-eDNA-2017,P4-9_7,9/7/17,4,sample,100,30
CER-002-S493,Euk-P4-109,S493,U702,GTAGGAAC,D505,AGGCGAAG,CERrice-eDNA-2017,P4-9_8,9/8/17,4,sample,100,30
CER-002-S494,Euk-P4-110,S494,U702,GTAGGAAC,D506,TAATCTTA,CERrice-eDNA-2017,P4-9_9,9/9/17,4,sample,100,30
CER-002-S495,Euk-P4-111,S495,U702,GTAGGAAC,D507,CAGGACGT,CERrice-eDNA-2017,P4-9_10,9/10/17,4,sample,50,30
CER-002-S496,Euk-P4-112,S496,U702,GTAGGAAC,D508,GTACTGAC,CERrice-eDNA-2017,P4-9_11,9/11/17,4,sample,50,20
CER-002-S497,Euk-P4-113,S497,U703,GTACCATG,D501,TATAGCCT,CERrice-eDNA-2017,P4-9_12,9/12/17,4,sample,50,20
CER-002-S498,Euk-P4-114,S498,U703,GTACCATG,D502,ATAGAGGC,CERrice-eDNA-2017,P4-9_13,9/13/17,4,sample,50,20
CER-002-S499,Euk-P4-115,S499,U703,GTACCATG,D503,CCTATCCT,CERrice-eDNA-2017,P4-9_14,9/14/17,4,sample,50,20
CER-002-S500,Euk-P4-116,S500,U703,GTACCATG,D504,GGCTCTGA,CERrice-eDNA-2017,P4-9_15,9/15/17,4,sample,50,20
CER-002-S501,Euk-P4-117,S501,U703,GTACCATG,D505,AGGCGAAG,CERrice-eDNA-2017,P4-9_16,9/16/17,4,sample,50,20
CER-002-S502,Euk-P4-118,S502,U703,GTACCATG,D506,TAATCTTA,CERrice-eDNA-2017,P4-9_17,9/17/17,4,sample,50,20
CER-002-S503,Euk-P4-119,S503,U703,GTACCATG,D507,CAGGACGT,CERrice-eDNA-2017,P4-9_18,9/18/17,4,sample,50,20
CER-002-S504,Euk-P4-120,S504,U703,GTACCATG,D508,GTACTGAC,CERrice-eDNA-2017,P4-9_19,9/19/17,4,sample,50,20
CER-002-S505,Euk-P4-121,S505,U704,AGTCCACA,D501,TATAGCCT,CERrice-eDNA-2017,P4-9_20,9/20/17,4,sample,50,20
CER-002-S506,Euk-P4-122,S506,U704,AGTCCACA,D502,ATAGAGGC,CERrice-eDNA-2017,P4-9_21,9/21/17,4,sample,50,20
CER-002-S507,Euk-P4-123,S507,U704,AGTCCACA,D503,CCTATCCT,CERrice-eDNA-2017,P4-9_22,9/22/17,4,sample,50,20
CER-002-S508,Euk-P4-124,S508,U704,AGTCCACA,D504,GGCTCTGA,CERrice-eDNA-2017,P4-STDNC1,NA,4,std_nc,NA,NA
CER-002-S509,Euk-P4-125,S509,U704,AGTCCACA,D505,AGGCGAAG,CERrice-eDNA-2017,P4-STDNC2,NA,4,std_nc,NA,NA
CER-002-S510,Euk-P4-126,S510,U704,AGTCCACA,D506,TAATCTTA,CERrice-eDNA-2017,P4-STDNC3,NA,4,std_nc,NA,NA
CER-002-S511,Euk-P4-127,S511,U704,AGTCCACA,D507,CAGGACGT,CERrice-eDNA-2017,P4-PCRNC1,NA,4,pcr_nc,NA,NA
CER-002-S512,Euk-P4-128,S512,U704,AGTCCACA,D508,GTACTGAC,CERrice-eDNA-2017,P4-PCRNC2,NA,4,pcr_nc,NA,NA
CER-002-S513,Euk-P5-001,S513,D701,ATTACTCG,D501,TATAGCCT,CERrice-eDNA-2017,P5-5_22,5/22/17,5,sample,200,30
CER-002-S514,Euk-P5-002,S514,D701,ATTACTCG,D502,ATAGAGGC,CERrice-eDNA-2017,P5-5_24,5/24/17,5,sample,200,30
CER-002-S515,Euk-P5-003,S515,D701,ATTACTCG,D503,CCTATCCT,CERrice-eDNA-2017,P5-5_25,5/25/17,5,sample,200,30
CER-002-S516,Euk-P5-004,S516,D701,ATTACTCG,D504,GGCTCTGA,CERrice-eDNA-2017,P5-5_26,5/26/17,5,sample,100,30
CER-002-S517,Euk-P5-005,S517,D701,ATTACTCG,D505,AGGCGAAG,CERrice-eDNA-2017,P5-5_27,5/27/17,5,sample,200,30
CER-002-S518,Euk-P5-006,S518,D701,ATTACTCG,D506,TAATCTTA,CERrice-eDNA-2017,P5-5_28,5/28/17,5,sample,25,30
CER-002-S519,Euk-P5-007,S519,D701,ATTACTCG,D507,CAGGACGT,CERrice-eDNA-2017,P5-5_29,5/29/17,5,sample,100,30
CER-002-S520,Euk-P5-008,S520,D701,ATTACTCG,D508,GTACTGAC,CERrice-eDNA-2017,P5-5_30,5/30/17,5,sample,100,30
CER-002-S521,Euk-P5-009,S521,D702,TCCGGAGA,D501,TATAGCCT,CERrice-eDNA-2017,P5-5_31,5/31/17,5,sample,100,30
CER-002-S522,Euk-P5-010,S522,D702,TCCGGAGA,D502,ATAGAGGC,CERrice-eDNA-2017,P5-6_1,6/1/17,5,sample,100,30
CER-002-S523,Euk-P5-011,S523,D702,TCCGGAGA,D503,CCTATCCT,CERrice-eDNA-2017,P5-6_2,6/2/17,5,sample,100,30
CER-002-S524,Euk-P5-012,S524,D702,TCCGGAGA,D504,GGCTCTGA,CERrice-eDNA-2017,P5-6_3,6/3/17,5,sample,100,30
CER-002-S525,Euk-P5-013,S525,D702,TCCGGAGA,D505,AGGCGAAG,CERrice-eDNA-2017,P5-6_4,6/4/17,5,sample,100,30
CER-002-S526,Euk-P5-014,S526,D702,TCCGGAGA,D506,TAATCTTA,CERrice-eDNA-2017,P5-6_5,6/5/17,5,sample,100,30
CER-002-S527,Euk-P5-015,S527,D702,TCCGGAGA,D507,CAGGACGT,CERrice-eDNA-2017,P5-6_6,6/6/17,5,sample,100,30
CER-002-S528,Euk-P5-016,S528,D702,TCCGGAGA,D508,GTACTGAC,CERrice-eDNA-2017,P5-6_7,6/7/17,5,sample,100,30
CER-002-S529,Euk-P5-017,S529,D703,CGCTCATT,D501,TATAGCCT,CERrice-eDNA-2017,P5-6_8,6/8/17,5,sample,100,30
CER-002-S530,Euk-P5-018,S530,D703,CGCTCATT,D502,ATAGAGGC,CERrice-eDNA-2017,P5-6_9,6/9/17,5,sample,100,30
CER-002-S531,Euk-P5-019,S531,D703,CGCTCATT,D503,CCTATCCT,CERrice-eDNA-2017,P5-6_10,6/10/17,5,sample,100,30
CER-002-S532,Euk-P5-020,S532,D703,CGCTCATT,D504,GGCTCTGA,CERrice-eDNA-2017,P5-6_11,6/11/17,5,sample,100,30
CER-002-S533,Euk-P5-021,S533,D703,CGCTCATT,D505,AGGCGAAG,CERrice-eDNA-2017,P5-6_12,6/12/17,5,sample,100,30
CER-002-S534,Euk-P5-022,S534,D703,CGCTCATT,D506,TAATCTTA,CERrice-eDNA-2017,P5-6_13,6/13/17,5,sample,100,30
CER-002-S535,Euk-P5-023,S535,D703,CGCTCATT,D507,CAGGACGT,CERrice-eDNA-2017,P5-6_14,6/14/17,5,sample,100,30
CER-002-S536,Euk-P5-024,S536,D703,CGCTCATT,D508,GTACTGAC,CERrice-eDNA-2017,P5-6_15,6/15/17,5,sample,100,30
CER-002-S537,Euk-P5-025,S537,D704,GAGATTCC,D501,TATAGCCT,CERrice-eDNA-2017,P5-6_16,6/16/17,5,sample,100,30
CER-002-S538,Euk-P5-026,S538,D704,GAGATTCC,D502,ATAGAGGC,CERrice-eDNA-2017,P5-6_17,6/17/17,5,sample,100,30
CER-002-S539,Euk-P5-027,S539,D704,GAGATTCC,D503,CCTATCCT,CERrice-eDNA-2017,P5-6_18,6/18/17,5,sample,100,30
CER-002-S540,Euk-P5-028,S540,D704,GAGATTCC,D504,GGCTCTGA,CERrice-eDNA-2017,P5-6_19,6/19/17,5,sample,100,30
CER-002-S541,Euk-P5-029,S541,D704,GAGATTCC,D505,AGGCGAAG,CERrice-eDNA-2017,P5-6_20,6/20/17,5,sample,100,30
CER-002-S542,Euk-P5-030,S542,D704,GAGATTCC,D506,TAATCTTA,CERrice-eDNA-2017,P5-6_21,6/21/17,5,sample,100,30
CER-002-S543,Euk-P5-031,S543,D704,GAGATTCC,D507,CAGGACGT,CERrice-eDNA-2017,P5-6_22,6/22/17,5,sample,100,30
CER-002-S544,Euk-P5-032,S544,D704,GAGATTCC,D508,GTACTGAC,CERrice-eDNA-2017,P5-6_23,6/23/17,5,sample,100,30
CER-002-S545,Euk-P5-033,S545,D705,ATTCAGAA,D501,TATAGCCT,CERrice-eDNA-2017,P5-6_24,6/24/17,5,sample,100,30
CER-002-S546,Euk-P5-034,S546,D705,ATTCAGAA,D502,ATAGAGGC,CERrice-eDNA-2017,P5-6_25,6/25/17,5,sample,100,30
CER-002-S547,Euk-P5-035,S547,D705,ATTCAGAA,D503,CCTATCCT,CERrice-eDNA-2017,P5-6_26,6/26/17,5,sample,100,30
CER-002-S548,Euk-P5-036,S548,D705,ATTCAGAA,D504,GGCTCTGA,CERrice-eDNA-2017,P5-6_27,6/27/17,5,sample,100,30
CER-002-S549,Euk-P5-037,S549,D705,ATTCAGAA,D505,AGGCGAAG,CERrice-eDNA-2017,P5-6_28,6/28/17,5,sample,100,30
CER-002-S550,Euk-P5-038,S550,D705,ATTCAGAA,D506,TAATCTTA,CERrice-eDNA-2017,P5-6_29,6/29/17,5,sample,100,30
CER-002-S551,Euk-P5-039,S551,D705,ATTCAGAA,D507,CAGGACGT,CERrice-eDNA-2017,P5-6_30,6/30/17,5,sample,100,30
CER-002-S552,Euk-P5-040,S552,D705,ATTCAGAA,D508,GTACTGAC,CERrice-eDNA-2017,P5-7_1,7/1/17,5,sample,100,30
CER-002-S553,Euk-P5-041,S553,D706,GAATTCGT,D501,TATAGCCT,CERrice-eDNA-2017,P5-7_2,7/2/17,5,sample,100,30
CER-002-S554,Euk-P5-042,S554,D706,GAATTCGT,D502,ATAGAGGC,CERrice-eDNA-2017,P5-7_3,7/3/17,5,sample,100,30
CER-002-S555,Euk-P5-043,S555,D706,GAATTCGT,D503,CCTATCCT,CERrice-eDNA-2017,P5-7_4,7/4/17,5,sample,100,30
CER-002-S556,Euk-P5-044,S556,D706,GAATTCGT,D504,GGCTCTGA,CERrice-eDNA-2017,P5-7_5,7/5/17,5,sample,100,30
CER-002-S557,Euk-P5-045,S557,D706,GAATTCGT,D505,AGGCGAAG,CERrice-eDNA-2017,P5-7_6,7/6/17,5,sample,100,30
CER-002-S558,Euk-P5-046,S558,D706,GAATTCGT,D506,TAATCTTA,CERrice-eDNA-2017,P5-7_7,7/7/17,5,sample,100,30
CER-002-S559,Euk-P5-047,S559,D706,GAATTCGT,D507,CAGGACGT,CERrice-eDNA-2017,P5-7_8,7/8/17,5,sample,100,30
CER-002-S560,Euk-P5-048,S560,D706,GAATTCGT,D508,GTACTGAC,CERrice-eDNA-2017,P5-7_9,7/9/17,5,sample,100,30
CER-002-S561,Euk-P5-049,S561,D707,CTGAAGCT,D501,TATAGCCT,CERrice-eDNA-2017,P5-7_10,7/10/17,5,sample,100,30
CER-002-S562,Euk-P5-050,S562,D707,CTGAAGCT,D502,ATAGAGGC,CERrice-eDNA-2017,P5-7_11,7/11/17,5,sample,100,30
CER-002-S563,Euk-P5-051,S563,D707,CTGAAGCT,D503,CCTATCCT,CERrice-eDNA-2017,P5-7_12,7/12/17,5,sample,100,30
CER-002-S564,Euk-P5-052,S564,D707,CTGAAGCT,D504,GGCTCTGA,CERrice-eDNA-2017,P5-7_13,7/13/17,5,sample,100,30
CER-002-S565,Euk-P5-053,S565,D707,CTGAAGCT,D505,AGGCGAAG,CERrice-eDNA-2017,P5-7_14,7/14/17,5,sample,100,30
CER-002-S566,Euk-P5-054,S566,D707,CTGAAGCT,D506,TAATCTTA,CERrice-eDNA-2017,P5-7_15,7/15/17,5,sample,100,30
CER-002-S567,Euk-P5-055,S567,D707,CTGAAGCT,D507,CAGGACGT,CERrice-eDNA-2017,P5-7_16,7/16/17,5,sample,100,30
CER-002-S568,Euk-P5-056,S568,D707,CTGAAGCT,D508,GTACTGAC,CERrice-eDNA-2017,P5-7_17,7/17/17,5,sample,100,30
CER-002-S569,Euk-P5-057,S569,D708,TAATGCGC,D501,TATAGCCT,CERrice-eDNA-2017,P5-7_18,7/18/17,5,sample,100,30
CER-002-S570,Euk-P5-058,S570,D708,TAATGCGC,D502,ATAGAGGC,CERrice-eDNA-2017,P5-7_19,7/19/17,5,sample,100,30
CER-002-S571,Euk-P5-059,S571,D708,TAATGCGC,D503,CCTATCCT,CERrice-eDNA-2017,P5-7_20,7/20/17,5,sample,100,30
CER-002-S572,Euk-P5-060,S572,D708,TAATGCGC,D504,GGCTCTGA,CERrice-eDNA-2017,P5-7_21,7/21/17,5,sample,100,30
CER-002-S573,Euk-P5-061,S573,D708,TAATGCGC,D505,AGGCGAAG,CERrice-eDNA-2017,P5-7_22,7/22/17,5,sample,100,30
CER-002-S574,Euk-P5-062,S574,D708,TAATGCGC,D506,TAATCTTA,CERrice-eDNA-2017,P5-7_23,7/23/17,5,sample,100,30
CER-002-S575,Euk-P5-063,S575,D708,TAATGCGC,D507,CAGGACGT,CERrice-eDNA-2017,P5-7_24,7/24/17,5,sample,100,30
CER-002-S576,Euk-P5-064,S576,D708,TAATGCGC,D508,GTACTGAC,CERrice-eDNA-2017,P5-7_25,7/25/17,5,sample,100,30
CER-002-S577,Euk-P5-065,S577,D709,CGGCTATG,D501,TATAGCCT,CERrice-eDNA-2017,P5-7_26,7/26/17,5,sample,100,30
CER-002-S578,Euk-P5-066,S578,D709,CGGCTATG,D502,ATAGAGGC,CERrice-eDNA-2017,P5-7_27,7/27/17,5,sample,100,30
CER-002-S579,Euk-P5-067,S579,D709,CGGCTATG,D503,CCTATCCT,CERrice-eDNA-2017,P5-7_28,7/28/17,5,sample,100,30
CER-002-S580,Euk-P5-068,S580,D709,CGGCTATG,D504,GGCTCTGA,CERrice-eDNA-2017,P5-7_29,7/29/17,5,sample,100,30
CER-002-S581,Euk-P5-069,S581,D709,CGGCTATG,D505,AGGCGAAG,CERrice-eDNA-2017,P5-7_30,7/30/17,5,sample,100,30
CER-002-S582,Euk-P5-070,S582,D709,CGGCTATG,D506,TAATCTTA,CERrice-eDNA-2017,P5-7_31,7/31/17,5,sample,100,30
CER-002-S583,Euk-P5-071,S583,D709,CGGCTATG,D507,CAGGACGT,CERrice-eDNA-2017,P5-8_1,8/1/17,5,sample,100,30
CER-002-S584,Euk-P5-072,S584,D709,CGGCTATG,D508,GTACTGAC,CERrice-eDNA-2017,P5-8_2,8/2/17,5,sample,100,30
CER-002-S585,Euk-P5-073,S585,D710,TCCGCGAA,D501,TATAGCCT,CERrice-eDNA-2017,P5-8_3,8/3/17,5,sample,100,30
CER-002-S586,Euk-P5-074,S586,D710,TCCGCGAA,D502,ATAGAGGC,CERrice-eDNA-2017,P5-8_4,8/4/17,5,sample,100,30
CER-002-S587,Euk-P5-075,S587,D710,TCCGCGAA,D503,CCTATCCT,CERrice-eDNA-2017,P5-8_5,8/5/17,5,sample,100,30
CER-002-S588,Euk-P5-076,S588,D710,TCCGCGAA,D504,GGCTCTGA,CERrice-eDNA-2017,P5-8_6,8/6/17,5,sample,100,30
CER-002-S589,Euk-P5-077,S589,D710,TCCGCGAA,D505,AGGCGAAG,CERrice-eDNA-2017,P5-8_7,8/7/17,5,sample,100,30
CER-002-S590,Euk-P5-078,S590,D710,TCCGCGAA,D506,TAATCTTA,CERrice-eDNA-2017,P5-8_8,8/8/17,5,sample,100,30
CER-002-S591,Euk-P5-079,S591,D710,TCCGCGAA,D507,CAGGACGT,CERrice-eDNA-2017,P5-8_9,8/9/17,5,sample,100,30
CER-002-S592,Euk-P5-080,S592,D710,TCCGCGAA,D508,GTACTGAC,CERrice-eDNA-2017,P5-8_10,8/10/17,5,sample,100,30
CER-002-S593,Euk-P5-081,S593,D711,TCTCGCGC,D501,TATAGCCT,CERrice-eDNA-2017,P5-8_11,8/11/17,5,sample,100,30
CER-002-S594,Euk-P5-082,S594,D711,TCTCGCGC,D502,ATAGAGGC,CERrice-eDNA-2017,P5-8_12,8/12/17,5,sample,100,30
CER-002-S595,Euk-P5-083,S595,D711,TCTCGCGC,D503,CCTATCCT,CERrice-eDNA-2017,P5-8_13,8/13/17,5,sample,100,30
CER-002-S596,Euk-P5-084,S596,D711,TCTCGCGC,D504,GGCTCTGA,CERrice-eDNA-2017,P5-8_14,8/14/17,5,sample,100,30
CER-002-S597,Euk-P5-085,S597,D711,TCTCGCGC,D505,AGGCGAAG,CERrice-eDNA-2017,P5-8_15,8/15/17,5,sample,100,30
CER-002-S598,Euk-P5-086,S598,D711,TCTCGCGC,D506,TAATCTTA,CERrice-eDNA-2017,P5-8_16,8/16/17,5,sample,100,30
CER-002-S599,Euk-P5-087,S599,D711,TCTCGCGC,D507,CAGGACGT,CERrice-eDNA-2017,P5-8_17,8/17/17,5,sample,100,30
CER-002-S600,Euk-P5-088,S600,D711,TCTCGCGC,D508,GTACTGAC,CERrice-eDNA-2017,P5-8_18,8/18/17,5,sample,100,30
CER-002-S601,Euk-P5-089,S601,D712,AGCGATAG,D501,TATAGCCT,CERrice-eDNA-2017,P5-8_19,8/19/17,5,sample,100,30
CER-002-S602,Euk-P5-090,S602,D712,AGCGATAG,D502,ATAGAGGC,CERrice-eDNA-2017,P5-8_20,8/20/17,5,sample,100,30
CER-002-S603,Euk-P5-091,S603,D712,AGCGATAG,D503,CCTATCCT,CERrice-eDNA-2017,P5-8_21,8/21/17,5,sample,100,30
CER-002-S604,Euk-P5-092,S604,D712,AGCGATAG,D504,GGCTCTGA,CERrice-eDNA-2017,P5-8_22,8/22/17,5,sample,100,30
CER-002-S605,Euk-P5-093,S605,D712,AGCGATAG,D505,AGGCGAAG,CERrice-eDNA-2017,P5-8_23,8/23/17,5,sample,100,30
CER-002-S606,Euk-P5-094,S606,D712,AGCGATAG,D506,TAATCTTA,CERrice-eDNA-2017,P5-8_24,8/24/17,5,sample,100,30
CER-002-S607,Euk-P5-095,S607,D712,AGCGATAG,D507,CAGGACGT,CERrice-eDNA-2017,P5-8_25,8/25/17,5,sample,100,30
CER-002-S608,Euk-P5-096,S608,D712,AGCGATAG,D508,GTACTGAC,CERrice-eDNA-2017,P5-8_26,8/26/17,5,sample,100,30
CER-002-S609,Euk-P5-097,S609,U705,TGCTACCT,D501,TATAGCCT,CERrice-eDNA-2017,P5-8_27,8/27/17,5,sample,100,30
CER-002-S610,Euk-P5-098,S610,U705,TGCTACCT,D502,ATAGAGGC,CERrice-eDNA-2017,P5-8_28,8/28/17,5,sample,100,30
CER-002-S611,Euk-P5-099,S611,U705,TGCTACCT,D503,CCTATCCT,CERrice-eDNA-2017,P5-8_29,8/29/17,5,sample,100,30
CER-002-S612,Euk-P5-100,S612,U705,TGCTACCT,D504,GGCTCTGA,CERrice-eDNA-2017,P5-8_30,8/30/17,5,sample,100,30
CER-002-S613,Euk-P5-101,S613,U705,TGCTACCT,D505,AGGCGAAG,CERrice-eDNA-2017,P5-8_31,8/31/17,5,sample,100,30
CER-002-S614,Euk-P5-102,S614,U705,TGCTACCT,D506,TAATCTTA,CERrice-eDNA-2017,P5-9_1,9/1/17,5,sample,100,30
CER-002-S615,Euk-P5-103,S615,U705,TGCTACCT,D507,CAGGACGT,CERrice-eDNA-2017,P5-9_2,9/2/17,5,sample,100,30
CER-002-S616,Euk-P5-104,S616,U705,TGCTACCT,D508,GTACTGAC,CERrice-eDNA-2017,P5-9_3,9/3/17,5,sample,100,30
CER-002-S617,Euk-P5-105,S617,U706,GTGTGTGT,D501,TATAGCCT,CERrice-eDNA-2017,P5-9_4,9/4/17,5,sample,100,30
CER-002-S618,Euk-P5-106,S618,U706,GTGTGTGT,D502,ATAGAGGC,CERrice-eDNA-2017,P5-9_5,9/5/17,5,sample,100,30
CER-002-S619,Euk-P5-107,S619,U706,GTGTGTGT,D503,CCTATCCT,CERrice-eDNA-2017,P5-9_6,9/6/17,5,sample,100,30
CER-002-S620,Euk-P5-108,S620,U706,GTGTGTGT,D504,GGCTCTGA,CERrice-eDNA-2017,P5-9_7,9/7/17,5,sample,80,30
CER-002-S621,Euk-P5-109,S621,U706,GTGTGTGT,D505,AGGCGAAG,CERrice-eDNA-2017,P5-9_8,9/8/17,5,sample,80,30
CER-002-S622,Euk-P5-110,S622,U706,GTGTGTGT,D506,TAATCTTA,CERrice-eDNA-2017,P5-9_9,9/9/17,5,sample,80,30
CER-002-S623,Euk-P5-111,S623,U706,GTGTGTGT,D507,CAGGACGT,CERrice-eDNA-2017,P5-9_10,9/10/17,5,sample,50,30
CER-002-S624,Euk-P5-112,S624,U706,GTGTGTGT,D508,GTACTGAC,CERrice-eDNA-2017,P5-9_11,9/11/17,5,sample,50,20
CER-002-S625,Euk-P5-113,S625,U707,TCCTTGGT,D501,TATAGCCT,CERrice-eDNA-2017,P5-9_12,9/12/17,5,sample,50,20
CER-002-S626,Euk-P5-114,S626,U707,TCCTTGGT,D502,ATAGAGGC,CERrice-eDNA-2017,P5-9_13,9/13/17,5,sample,50,20
CER-002-S627,Euk-P5-115,S627,U707,TCCTTGGT,D503,CCTATCCT,CERrice-eDNA-2017,P5-9_14,9/14/17,5,sample,50,20
CER-002-S628,Euk-P5-116,S628,U707,TCCTTGGT,D504,GGCTCTGA,CERrice-eDNA-2017,P5-9_15,9/15/17,5,sample,50,20
CER-002-S629,Euk-P5-117,S629,U707,TCCTTGGT,D505,AGGCGAAG,CERrice-eDNA-2017,P5-9_16,9/16/17,5,sample,50,20
CER-002-S630,Euk-P5-118,S630,U707,TCCTTGGT,D506,TAATCTTA,CERrice-eDNA-2017,P5-9_17,9/17/17,5,sample,50,20
CER-002-S631,Euk-P5-119,S631,U707,TCCTTGGT,D507,CAGGACGT,CERrice-eDNA-2017,P5-9_18,9/18/17,5,sample,50,20
CER-002-S632,Euk-P5-120,S632,U707,TCCTTGGT,D508,GTACTGAC,CERrice-eDNA-2017,P5-9_19,9/19/17,5,sample,50,20
CER-002-S633,Euk-P5-121,S633,U708,CAGTGACT,D501,TATAGCCT,CERrice-eDNA-2017,P5-9_20,9/20/17,5,sample,50,20
CER-002-S634,Euk-P5-122,S634,U708,CAGTGACT,D502,ATAGAGGC,CERrice-eDNA-2017,P5-9_21,9/21/17,5,sample,50,20
CER-002-S635,Euk-P5-123,S635,U708,CAGTGACT,D503,CCTATCCT,CERrice-eDNA-2017,P5-9_22,9/22/17,5,sample,50,20
CER-002-S636,Euk-P5-124,S636,U708,CAGTGACT,D504,GGCTCTGA,CERrice-eDNA-2017,P5-STDNC1,NA,5,std_nc,NA,NA
CER-002-S637,Euk-P5-125,S637,U708,CAGTGACT,D505,AGGCGAAG,CERrice-eDNA-2017,P5-STDNC2,NA,5,std_nc,NA,NA
CER-002-S638,Euk-P5-126,S638,U708,CAGTGACT,D506,TAATCTTA,CERrice-eDNA-2017,P5-STDNC3,NA,5,std_nc,NA,NA
CER-002-S639,Euk-P5-127,S639,U708,CAGTGACT,D507,CAGGACGT,CERrice-eDNA-2017,P5-PCRNC1,NA,5,pcr_nc,NA,NA
CER-002-S640,Euk-P5-128,S640,U708,CAGTGACT,D508,GTACTGAC,CERrice-eDNA-2017,P5-PCRNC2,NA,5,pcr_nc,NA,NA
CER-002-S641,Euk-NC-001,S641,U713,CTAGGTTG,D501,TATAGCCT,CERrice-eDNA-2017,NC-5_22,5/22/17,NC,field_nc,200,30
CER-002-S642,Euk-NC-002,S642,U713,CTAGGTTG,D502,ATAGAGGC,CERrice-eDNA-2017,NC-5_24,5/24/17,NC,field_nc,200,30
CER-002-S643,Euk-NC-003,S643,U713,CTAGGTTG,D503,CCTATCCT,CERrice-eDNA-2017,NC-5_25,5/25/17,NC,field_nc,200,30
CER-002-S644,Euk-NC-004,S644,U713,CTAGGTTG,D504,GGCTCTGA,CERrice-eDNA-2017,NC-5_26,5/26/17,NC,field_nc,200,30
CER-002-S645,Euk-NC-005,S645,U713,CTAGGTTG,D505,AGGCGAAG,CERrice-eDNA-2017,NC-5_27,5/27/17,NC,field_nc,125,30
CER-002-S646,Euk-NC-006,S646,U713,CTAGGTTG,D506,TAATCTTA,CERrice-eDNA-2017,NC-5_28,5/28/17,NC,field_nc,100,30
CER-002-S647,Euk-NC-007,S647,U713,CTAGGTTG,D507,CAGGACGT,CERrice-eDNA-2017,NC-5_29,5/29/17,NC,field_nc,100,30
CER-002-S648,Euk-NC-008,S648,U713,CTAGGTTG,D508,GTACTGAC,CERrice-eDNA-2017,NC-5_30,5/30/17,NC,field_nc,100,30
CER-002-S649,Euk-NC-009,S649,U714,GACTTGTG,D501,TATAGCCT,CERrice-eDNA-2017,NC-5_31,5/31/17,NC,field_nc,100,30
CER-002-S650,Euk-NC-010,S650,U714,GACTTGTG,D502,ATAGAGGC,CERrice-eDNA-2017,NC-6_1,6/1/17,NC,field_nc,100,30
CER-002-S651,Euk-NC-011,S651,U714,GACTTGTG,D503,CCTATCCT,CERrice-eDNA-2017,NC-6_2,6/2/17,NC,field_nc,100,30
CER-002-S652,Euk-NC-012,S652,U714,GACTTGTG,D504,GGCTCTGA,CERrice-eDNA-2017,NC-6_3,6/3/17,NC,field_nc,100,30
CER-002-S653,Euk-NC-013,S653,U714,GACTTGTG,D505,AGGCGAAG,CERrice-eDNA-2017,NC-6_4,6/4/17,NC,field_nc,100,30
CER-002-S654,Euk-NC-014,S654,U714,GACTTGTG,D506,TAATCTTA,CERrice-eDNA-2017,NC-6_5,6/5/17,NC,field_nc,100,30
CER-002-S655,Euk-NC-015,S655,U714,GACTTGTG,D507,CAGGACGT,CERrice-eDNA-2017,NC-6_6,6/6/17,NC,field_nc,100,30
CER-002-S656,Euk-NC-016,S656,U714,GACTTGTG,D508,GTACTGAC,CERrice-eDNA-2017,NC-6_12,6/12/17,NC,field_nc,100,30
CER-002-S657,Euk-NC-017,S657,U715,CACTAGTG,D501,TATAGCCT,CERrice-eDNA-2017,NC-6_19,6/19/17,NC,field_nc,100,30
CER-002-S658,Euk-NC-018,S658,U715,CACTAGTG,D502,ATAGAGGC,CERrice-eDNA-2017,NC-6_26,6/26/17,NC,field_nc,100,30
CER-002-S659,Euk-NC-019,S659,U715,CACTAGTG,D503,CCTATCCT,CERrice-eDNA-2017,NC-7_3,7/3/17,NC,field_nc,100,30
CER-002-S660,Euk-NC-020,S660,U715,CACTAGTG,D504,GGCTCTGA,CERrice-eDNA-2017,NC-7_10,7/10/17,NC,field_nc,100,30
CER-002-S661,Euk-NC-021,S661,U715,CACTAGTG,D505,AGGCGAAG,CERrice-eDNA-2017,NC-7_17,7/17/17,NC,field_nc,100,30
CER-002-S662,Euk-NC-022,S662,U715,CACTAGTG,D506,TAATCTTA,CERrice-eDNA-2017,NC-7_24,7/24/17,NC,field_nc,100,30
CER-002-S663,Euk-NC-023,S663,U715,CACTAGTG,D507,CAGGACGT,CERrice-eDNA-2017,NC-7_31,7/31/17,NC,field_nc,100,30
CER-002-S664,Euk-NC-024,S664,U715,CACTAGTG,D508,GTACTGAC,CERrice-eDNA-2017,NC-8_7,8/7/17,NC,field_nc,100,30
CER-002-S665,Euk-NC-025,S665,U716,CAGAAGTG,D501,TATAGCCT,CERrice-eDNA-2017,NC-8_14,8/14/17,NC,field_nc,100,30
CER-002-S666,Euk-NC-026,S666,U716,CAGAAGTG,D502,ATAGAGGC,CERrice-eDNA-2017,NC-8_21,8/21/17,NC,field_nc,100,30
CER-002-S667,Euk-NC-027,S667,U716,CAGAAGTG,D503,CCTATCCT,CERrice-eDNA-2017,NC-8_28,8/28/17,NC,field_nc,100,30
CER-002-S668,Euk-NC-028,S668,U716,CAGAAGTG,D504,GGCTCTGA,CERrice-eDNA-2017,NC-9_4,9/4/17,NC,field_nc,100,30
CER-002-S669,Euk-NC-029,S669,U716,CAGAAGTG,D505,AGGCGAAG,CERrice-eDNA-2017,NC-9_11,9/11/17,NC,field_nc,50,20
CER-002-S670,Euk-NC-030,S670,U716,CAGAAGTG,D506,TAATCTTA,CERrice-eDNA-2017,NC-9_18,9/18/17,NC,field_nc,50,20
CER-002-S671,Euk-NC-031,S671,U716,CAGAAGTG,D507,CAGGACGT,CERrice-eDNA-2017,NC-STDNC1,NA,NC,std_nc,NA,NA
CER-002-S672,Euk-NC-032,S672,U716,CAGAAGTG,D508,GTACTGAC,CERrice-eDNA-2017,NC-STDNC2,NA,NC,std_nc,NA,NA
CER-002-S673,Euk-PC-001,S673,U717,ACAGTCTG,D501,TATAGCCT,CERrice-eDNA-2017,PC-5_23-NC,5/23/17,PC,pc,200,30
CER-002-S674,Euk-PC-002,S674,U717,ACAGTCTG,D502,ATAGAGGC,CERrice-eDNA-2017,PC-5_23-1,5/23/17,PC,pc,200,30
CER-002-S675,Euk-PC-003,S675,U717,ACAGTCTG,D503,CCTATCCT,CERrice-eDNA-2017,PC-5_23-2,5/23/17,PC,pc,200,30
CER-002-S676,Euk-PC-004,S676,U717,ACAGTCTG,D504,GGCTCTGA,CERrice-eDNA-2017,PC-5_23-3,5/23/17,PC,pc,200,30
CER-002-S677,Euk-PC-005,S677,U717,ACAGTCTG,D505,AGGCGAAG,CERrice-eDNA-2017,PC-5_23-4,5/23/17,PC,pc,200,30
CER-002-S678,Euk-PC-006,S678,U717,ACAGTCTG,D506,TAATCTTA,CERrice-eDNA-2017,PC-5_23-5,5/23/17,PC,pc,200,30
CER-002-S679,Euk-PC-007,S679,U717,ACAGTCTG,D507,CAGGACGT,CERrice-eDNA-2017,PC-5_23-6,5/23/17,PC,pc,200,30
CER-002-S680,Euk-PC-008,S680,U717,ACAGTCTG,D508,GTACTGAC,CERrice-eDNA-2017,PC-5_23-7,5/23/17,PC,pc,200,30
CER-002-S681,Euk-PC-009,S681,U718,GAGACACA,D501,TATAGCCT,CERrice-eDNA-2017,PC-5_23-8,5/23/17,PC,pc,200,30
CER-002-S682,Euk-PC-010,S682,U718,GAGACACA,D502,ATAGAGGC,CERrice-eDNA-2017,PC-5_23-9,5/23/17,PC,pc,200,30
CER-002-S683,Euk-PC-011,S683,U718,GAGACACA,D503,CCTATCCT,CERrice-eDNA-2017,PC-5_23-10,5/23/17,PC,pc,200,30
CER-002-S684,Euk-PC-012,S684,U718,GAGACACA,D504,GGCTCTGA,CERrice-eDNA-2017,PC-STDNC1,NA,PC,std_nc,NA,NA
CER-002-S685,Euk-PC-013,S685,U718,GAGACACA,D505,AGGCGAAG,CERrice-eDNA-2017,PC-STDNC2,NA,PC,std_nc,NA,NA
CER-002-S686,Euk-PC-014,S686,U718,GAGACACA,D506,TAATCTTA,CERrice-eDNA-2017,PC-STDNC3,NA,PC,std_nc,NA,NA
CER-002-S687,Euk-PC-015,S687,U718,GAGACACA,D507,CAGGACGT,CERrice-eDNA-2017,PC-STDNC4,NA,PC,std_nc,NA,NA
CER-002-S688,Euk-PC-016,S688,U718,GAGACACA,D508,GTACTGAC,CERrice-eDNA-2017,PC-STDNC5,NA,PC,std_nc,NA,NA
